pos_x,pos_y
232.9789016723633,-385.4470153808594
231.7572738440816,-384.57602080540494
230.53519368247146,-383.7050961186328
229.31311247143404,-382.83432708243777
228.09117872609227,-381.96393771791253
226.86950505123963,-381.0938700194141
225.6479639226316,-380.2240285914651
224.42643337525445,-379.3542826522453
223.2047556751756,-378.48473268740355
221.98284793067654,-377.6151488302932
220.76069623244115,-376.74571245215435
219.53827952723057,-375.8764500623377
218.31581048901572,-375.00733278003474
217.09317179975216,-374.138194918141
215.87045149564284,-373.2693660660672
214.64774100533586,-372.4004294522324
213.4250238972362,-371.5316522182226
212.202281081023,-370.6628029588866
210.97972621595133,-369.793871040691
209.75720166515404,-368.9248191352672
208.5347800347438,-368.05558700774804
207.31253037710553,-367.1862018447829
206.09041241423995,-366.31672584404845
204.88012364944564,-365.45519185645554
203.6878324922377,-364.60606563950336
202.4943515917945,-363.7554807225673
201.11261970329073,-362.7706200118977
199.89136190318902,-361.8997864636003
198.76142156153546,-361.09331040071874
197.5405055491639,-360.2218588893803
196.3196909481603,-359.3502147963936
195.09902421310457,-358.4784997232253
193.8764288479282,-357.60517953802616
192.65784752156898,-356.73440668865715
191.43787749502997,-355.8623712884195
190.21796656652236,-354.989853210285
188.99810154640272,-354.1170902210302
187.77841136864623,-353.24419493450944
186.55876344739372,-352.3711796293967
185.33914886874763,-351.4980290263145
184.11955859311013,-350.6249202948029
182.89988732575426,-349.7517836043404
181.68026471236695,-348.8787307542652
180.4605696607509,-348.0056125056072
179.24091942635778,-347.13246522549423
178.0213477000535,-346.2592445271644
176.801795178069,-345.3859841394438
175.5823019722696,-344.5126858202432
174.362829501731,-343.63933781741827
173.14320898773968,-342.76617414675866
171.91993600546624,-341.8907350297225
170.69938200762294,-341.0177456650876
169.48305554282246,-340.14822540583026
168.26268646919934,-339.2761361046032
167.0419578736907,-338.4044873511022
165.82072413278638,-337.53357397260595
164.59905797849208,-336.6633436720889
163.3769386208457,-335.79364985865027
162.15448300727616,-334.92453758566563
160.93165765852223,-334.0558587058245
159.70853928514305,-333.187656833529
158.48503162681385,-332.3199871663502
157.26114916348354,-331.45274678423846
156.03716842031127,-330.5856309382341
154.81334093611872,-329.71830387516104
153.58986474796274,-328.85053765971463
152.36670435114328,-327.98229672387066
151.14377780554102,-327.11374521780726
149.9210529888107,-326.24487020333356
148.69855194861705,-325.3756872899101
147.47639008563976,-324.5061061869227
146.2547380115434,-323.6360636771551
145.03338243317407,-322.76530341019594
143.8125758525714,-321.8939002430226
142.58804022624872,-321.01887847520106
141.37086139976816,-320.1482533566862
140.1526302452109,-319.2758046825445
138.9335763714107,-318.40176570847575
137.71498701883343,-317.5271659676206
136.49681899761404,-316.6519696310669
135.27916378158838,-315.7762191730871
134.0619299954035,-314.89990009616037
132.84498906795437,-314.02304710086497
131.62840509773656,-313.1458041525465
130.4118870229056,-312.2682575970677
129.1952919042128,-311.39089072223567
127.97840267399133,-310.5139198462213
126.76120107261546,-309.6372870789542
125.5438696953084,-308.7609500993977
124.32642418910203,-307.8847597768742
123.10900001471865,-307.0086546730174
121.89156852166774,-306.1325811633357
120.67391134666717,-305.25677727665385
119.45595914666295,-304.3815014969222
118.23760680692818,-303.5067481534458
117.01875161897182,-302.63261808172274
115.79959500050103,-301.7589072092215
114.58035799853198,-300.8853210028144
113.36108706966291,-300.01177049333114
112.14184102503069,-299.1381592229756
110.92249144577632,-298.2644756287254
109.70290907819854,-297.3907916873848
108.48323648407522,-296.5170184710511
107.26374844337928,-295.6435410063627
106.04427276414364,-294.7702871151875
104.82464915121251,-293.8972146260017
103.60641490546104,-293.0253504174976
102.38932280366402,-292.15440202409707
101.16523307378081,-291.27858893245224
99.94531982226307,-290.4060657064303
98.7253069797234,-289.5335799023326
97.50518875320864,-288.6612402351288
96.28495132199141,-287.78896477837395
95.06461992173979,-286.9168764361855
93.84418393674004,-286.0448450106737
92.62356187371297,-285.17284099717216
91.40292657177241,-284.3008906295887
90.18325661616412,-283.429703425325
88.96173460762212,-282.5571857195281
87.74074483285493,-281.68526003718836
86.51985676515284,-280.81355534337246
85.29887451897885,-279.942020256951
84.07779482547072,-279.0706674884893
82.85659584362269,-278.1995067901149
81.63529201066956,-277.3285450704143
80.41395597613598,-276.4576549090957
79.19258012415781,-275.5868607536004
77.9753124364687,-274.7189239573806
76.75203994517315,-273.846525092645
75.52892837771961,-272.97395554075086
74.30820788839614,-272.10273937188987
73.08764317870948,-271.2311806189638
71.86736654907043,-270.35919429186254
70.64734938710181,-269.48678230902584
69.42800634982335,-268.6134018469945
68.21017669580424,-267.737951303027
66.99431228680199,-266.8596783169475
65.78097958021806,-265.9780227780645
64.57100851308499,-265.09173389810206
63.36550763935098,-264.19938639989425
62.16544116445267,-263.2997356592573
60.97159750520113,-262.3917650879051
59.78456420980391,-261.4748709278616
58.60466334597275,-260.5488736131004
57.43208009572348,-259.61344794124136
56.26726113925106,-258.6685176262486
55.110417707243094,-257.7138418540311
53.961547756773555,-256.7495342292336
52.82083650565403,-255.77562413966788
51.68828007869255,-254.79234242440864
50.5640499736633,-253.7994182640715
49.44790617298667,-252.79752893187197
48.33888863492348,-251.7877122475362
47.233063189378186,-250.76776409353877
46.139092151398984,-249.74613320591905
45.05016338844557,-248.71658984180448
43.96675314784062,-247.67923610839102
42.889572705813926,-246.63548432661136
41.8183198543739,-245.5855152429017
40.7532641242962,-244.52924283583488
39.6945140489764,-243.46666956606586
38.64276685568866,-242.39711786548034
37.59864089740197,-241.32009069559547
36.562525391759976,-240.23538700863884
35.534912751563226,-239.1427143432848
34.51621255852759,-238.04173311422272
33.507118087151284,-236.93200746141736
32.5077219299492,-235.8135928993818
31.51752916115167,-234.6869847386326
30.53658879342681,-233.5523401957645
29.565184070625502,-232.40947585979282
28.603492920526378,-231.25843394175848
27.65211965044934,-230.0988233859307
26.710986894278367,-228.9308294274389
25.780272564743733,-227.75446517217514
24.85939800696238,-226.57035826721653
23.94911631039084,-225.37811220135896
23.05172227936461,-224.1822882830979
22.159843422409516,-222.97388889034232
21.276638565761992,-221.75745244774214
20.405487467307868,-220.53614114252812
19.545122241005867,-219.30721641625655
18.695834813935797,-218.07059706395088
17.858520221587312,-216.82585686533184
17.033872114706984,-215.57268720442465
16.221912603925947,-214.31119845397706
15.4228087185514,-213.04155782328684
14.63704948136923,-211.76363079894796
13.865964621917078,-210.4768773264817
13.106164293836503,-209.18336504695077
12.360652725983936,-207.88165023080253
11.627463025440829,-206.57286936991494
10.910883874274928,-205.25490828335543
10.211150070720215,-203.92796800740436
9.530383569281108,-202.59112765354087
8.935600930731304,-201.3790884689706
8.286169806555725,-200.02692044701993
7.651157888295436,-198.66773276681764
7.029027646761951,-197.30274849946704
6.422870574438333,-195.9305731472212
5.830881529201285,-194.55208695711127
5.252546008512223,-193.1680579935721
4.6910051925995235,-191.77720595048305
4.143760557870633,-190.3804193247624
3.6131572396554272,-188.9774447759055
3.100898245833552,-187.5676599490107
2.6066706975790064,-186.15134414745097
2.121963292005589,-184.7320980464934
1.6475028557734919,-183.30911105925895
1.1820872231794732,-181.8831300005408
0.7328665759062742,-180.4519650531033
0.30481911518930777,-179.0143303156156
-0.10720907886136291,-177.5720937767557
-0.5039135796235636,-176.12556766626741
-0.8846413102219296,-174.6748516468381
-1.252731642503193,-173.22088461901023
-1.6103497325306746,-171.76427554095983
-1.9553113831837108,-170.30457875506497
-2.286848087635722,-168.84173533470417
-2.605738047884387,-167.37606850096736
-2.912498217156976,-165.9078200109816
-3.2078616616858704,-164.43722927785467
-3.4922615330392786,-162.96443148435992
-3.7656061465137665,-161.4895080553186
-4.028153579831576,-160.0127196864334
-4.280217039937378,-158.53428129396346
-4.5222079838994365,-157.0541234040029
-4.781103658710568,-155.42455798476942
-5.001536768298129,-153.9407239226089
-5.211798357466803,-152.45544142796567
-5.412172242986693,-150.96875918136936
-5.602555490217775,-149.48075992609415
-5.782735553127124,-147.99150400050962
-5.953073998343375,-146.49860520573412
-6.1125268772537815,-145.0042993037099
-6.2595876294943364,-143.51632906485287
-6.395999970320254,-142.02239100813551
-6.520739817893031,-140.52743792788445
-6.634369429859791,-139.0315347272249
-6.736466995745016,-137.5347875781781
-6.827271869893207,-136.03724441959085
-6.90614206525946,-134.53902910649538
-6.973029848066686,-133.0403038372755
-7.028148487992014,-131.54113498141777
-7.071186832533902,-130.0415907902004
-7.10275614758868,-128.541753843886
-7.122038434648723,-127.03992760142596
-7.12935901525838,-125.5416624004782
-7.124420129300805,-124.04173984016671
-7.107723713000744,-122.54171810547456
-7.079526463470853,-121.04190647581295
-7.0400254232835255,-119.54243517014524
-6.9900826474349005,-118.04322651068053
-6.929629497246713,-116.54458574797336
-6.8596215188476615,-115.04625858970516
-6.780142917676916,-113.54839675803314
-6.690837480221987,-112.05108330053137
-6.5919752312360975,-110.55433398150423
-6.483534078919621,-109.05831871708804
-6.366964990787611,-107.56283821039669
-6.242341918257317,-106.0680814713104
-6.109848713689405,-104.57394949177987
-5.9698454784815835,-103.08057348778264
-5.822658483864452,-101.58785701597199
-5.668838092266571,-100.09576653804946
-5.508551741104377,-98.60442610146802
-5.3423554919872265,-97.11360967210452
-5.1709256361024245,-95.62340830988691
-4.994797886326249,-94.13370791884662
-4.814622544170713,-92.64442367246279
-4.630835381009717,-91.15565368921764
-4.44408505843017,-89.66724356851779
-4.254948296459366,-88.1790980046512
-4.063420096928063,-86.68977565772781
-3.870396425715726,-85.19902086991837
-3.6780363518667887,-83.71583955229674
-3.4852879435684145,-82.22813151835226
-3.2932961926565114,-80.74029944999216
-3.103001743149891,-79.25226254014997
-2.9150691721340256,-77.76390066223142
-2.730062038415259,-76.27521836888774
-2.5482400441882125,-74.7860635479131
-2.3700177157662528,-73.29651142654967
-2.1958626515326762,-71.80646448530032
-2.026395895913069,-70.31588047846924
-1.8623807403129453,-68.82467832511716
-1.7042437593319164,-67.33282484202685
-1.5523623008609642,-65.84031950539412
-1.4074953644429056,-64.34712871551588
-1.27008766282108,-62.853288372392
-1.1406028352207311,-61.35875064301542
-1.01926375191533,-59.86354685009058
-0.9071278164924994,-58.36753924645082
-0.8053794173373825,-56.870843429401255
-0.7138641690886557,-55.373479602339955
-0.6327941249782888,-53.87549203506081
-0.5624233362371357,-52.376992241380506
-0.5027510268256359,-50.87798274573854
-0.4538514609547619,-49.37861942849065
-0.4159750836358218,-47.878945800511815
-0.38935638806878003,-46.37900653632561
-0.3743589514167958,-44.87896560786524
-0.3707916707499379,-43.37883022407749
-0.37922696377874504,-41.878729175653646
-0.40068583371748495,-40.37870030567133
-0.4357917776389157,-38.87892893483199
-0.48504229000875554,-37.37960825148355
-0.5486782001215407,-35.88077971920231
-0.6255952742650971,-34.38259135708125
-0.7154716432853201,-32.885108988876034
-0.8178355072321992,-31.388443866670467
-0.9325106139003935,-29.89264415446497
-1.0593349423816443,-28.39782533409027
-1.1982952036988075,-26.90411646583847
-1.3495296098287475,-25.41165722181375
-1.5130327198073756,-23.918043724071946
-1.6876567809621337,-22.430420337040008
-1.8739691576952673,-20.942216942350196
-2.07149242705801,-19.455216473201038
-2.2801786055660385,-17.96975737758632
-2.4991774053948785,-16.4858182323093
-2.7283607113424377,-15.003303242820147
-2.968564437786173,-13.522624324011685
-3.219010506306506,-12.04350193957123
-3.481322654815287,-10.566495714861096
-3.7527901637613152,-9.091151413635334
-4.033548451525835,-7.617474661390925
-4.323153525268592,-6.145604720277543
-4.619979158861309,-4.675099011418855
-4.9253561769905,-3.2064263737950487
-5.2389810960054914,-1.7394510477717153
-5.559998614157166,-0.2740338626894804
-5.88950557349048,1.1893764565144378
-6.228808094220546,2.6506171999533885
-6.577955103477691,4.109472945330628
-6.935699054067529,5.566287801613809
-7.302062411279991,7.020973488465802
-7.6770157847748255,8.473489793911593
-8.060500444071225,9.923752374544081
-8.452147903229957,11.371788403236284
-8.851860195643544,12.817671865153624
-9.260054165674534,14.26116567463617
-9.676735905281427,15.702284128874338
-10.102150111159466,17.140775378710746
-10.536542107440985,18.576507241533967
-10.98017683138847,20.009502768575945
-11.43328128386229,21.439507984518812
-11.895587282735947,22.866602464319637
-12.36624293285683,24.29092799618071
-12.845772603587935,25.71227849924756
-13.33404928772103,27.130737250271142
-13.829933149034005,28.54645389971023
-14.333527987086768,29.95949484602125
-14.844989618978994,31.36968497697472
-15.365172564718788,32.776703723350735
-15.894534555356403,34.18030116946626
-16.433277238561445,35.58030551060407
-16.981815567746715,36.97651752362323
-17.540053690741278,38.36886022613708
-18.107961818012914,39.75728065360971
-18.685440185052652,41.1417882606294
-19.272222483146454,42.52235703619787
-19.868141918794628,43.89899752001494
-20.472725435009416,45.27191405850122
-21.086414047634502,46.640686352694786
-21.70884573590154,48.00551093549659
-22.340968836931317,49.365857151265814
-22.982956379775892,50.72161780155737
-23.635214516204517,52.07242889313271
-24.297340561588157,53.41854531562372
-24.96896103798983,54.75987828810965
-25.65004441893202,56.096439366653556
-26.340357496406032,57.428240577517215
-27.039806165498913,58.75532852775768
-27.748499696653525,60.07757576156916
-28.465694617066656,61.39526403011005
-29.191739083460693,62.708135087517704
-29.926341721389914,64.01615569718112
-30.66919010401876,65.31941608273245
-31.420544208000322,66.61764880076623
-32.17994351484366,67.91119313038283
-32.94464745024462,69.1962890776113
-33.719279072050625,70.47994998382691
-34.505153777700656,71.76409869477644
-35.29655970134413,73.03835088171522
-36.09656864682967,74.30720739076764
-36.90501333527018,75.57072690869603
-37.72161338630751,76.82892228901011
-38.54632173978521,78.08187263828582
-39.37910595720742,79.32945726071556
-40.21989528095314,80.5717311715806
-41.06861720723526,81.80856843281363
-41.924880471408194,83.03935637492751
-42.78753491687745,84.26275252444711
-43.66177288403815,85.4862525317833
-44.541717424279966,86.70100270749491
-45.42949835839254,87.90997582959861
-46.32559716547243,89.11322042505881
-47.2296323415731,90.31051262908784
-48.14155422867316,91.50166014947318
-49.06132049744497,92.68684498144364
-49.988875978556436,93.86589727710953
-50.924125798407864,95.03892852369027
-51.86471688616176,96.20286346094201
-52.81709130894297,97.36560665011311
-53.775918119112,98.52073498246754
-54.74131274028381,99.66885503262425
-55.71374602182914,100.81077064168154
-56.692989991850936,101.9469306654857
-57.679117302267144,103.07738330448193
-58.67199027078664,104.20188379107672
-59.671669830176036,105.32030862225086
-60.6781262566503,106.43267558081652
-61.69120721302952,107.53899816034327
-62.710876120878346,108.63934802742897
-63.73697732338353,109.73373285785827
-64.7694162292283,110.82210697111178
-65.80820206001223,111.90451400052685
-66.85457620880439,112.98216215260972
-67.90775369089076,114.05474770645357
-68.96146791798816,115.11569406088391
-70.02453945797451,116.17429180164352
-71.09346638963652,117.22692008721467
-72.16858195083535,118.2732062585696
-73.24976066336033,119.31328152918026
-74.33661670702962,120.34737986078235
-75.4290023332682,121.37566916011568
-76.52676947733788,122.39823370065153
-77.62984436569863,123.4149841816925
-78.73800147902195,124.4263275140627
-79.85081090325947,125.43251283075708
-80.96784624564634,126.43401940241318
-82.08847967301111,127.43144375233783
-83.21188342828178,128.4257661588985
-84.3372468824623,129.41771095076882
-85.46431972648213,130.40770251468217
-86.59268180698118,131.3962079499948
-87.72185037649622,132.38369015575066
-88.85165390166141,133.37059708808417
-89.98140825457884,134.3574841056181
-91.11047271430527,135.345278541266
-92.2384460135432,136.3350311260585
-93.36418280465993,137.32726590737198
-94.48685118559604,138.3225506150952
-95.60600798358044,139.32151059487126
-96.72087412022898,140.3252751639724
-97.83087251995738,141.3344337990408
-98.93619941435848,142.34867893994704
-100.03707983103207,143.36779144420333
-101.13347514255446,144.39165837306282
-102.22545104556673,145.42027592311598
-103.31039954633557,146.45115694151414
-104.39238922760985,147.48807390426313
-105.47498052635704,148.53393249503426
-106.54963670205899,149.58054568787583
-107.62003185838192,150.6315706733329
-108.68586777613099,151.68715305525936
-109.74701580083402,152.74750952597242
-110.80337666600786,153.81261496418804
-111.85513242385157,154.8823066561924
-112.90209572536575,155.95538342266113
-113.9441450106885,157.03101134239665
-114.98758301700026,158.11511734189696
-116.02386610198297,159.1989065712025
-117.05510158723754,160.28496515023997
-118.08581925416534,161.37819068760706
-119.1102162407036,162.4714432849224
-120.13378594627656,163.5703607616251
-121.15213143299398,164.67037727301422
-122.1680634474168,165.77504329447305
-123.17991495990162,166.8823307673767
-124.18896436097243,167.99292022796232
-125.19423234258406,169.10561242413925
-126.19693868755878,170.22201651154188
-127.19598763011886,171.34131728603472
-128.1905082023092,172.46448005700628
-129.1787360402079,173.59087619045397
-130.20061952995658,174.7682018839485
-131.06607035035165,175.79366769359393
-132.03373880691808,176.94316104494405
-133.00286489068458,178.08669834840438
-133.97246514257128,179.2342219796951
-134.93803595396392,180.38670852516773
-135.89333310778986,181.541617165608
-136.83872482651753,182.70437526778977
-137.7737646508647,183.8780478850535
-138.69549365314765,185.06314805826952
-139.60077391927373,186.26023360205443
-140.4101916438831,187.34036818457392
-141.27468599015373,188.5659749802827
-142.11217613604575,189.81456040249256
-142.91174915341784,191.08718715950207
-143.65531623479757,192.3802278008615
-144.33507481454376,193.71166299260463
-144.97073450994085,195.07449656035396
-145.5675324051244,196.45374735490458
-146.12283459302944,197.84706541077523
-146.63533091672548,199.25670313731635
-147.1035843187748,200.68162762519682
-147.525740388972,202.12083214783
-147.90006489054835,203.5732188273357
-148.22593781266727,205.03704020687505
-148.50194004059614,206.51112584944158
-148.7271400214343,207.99374814091104
-148.90097191250987,209.48323316464155
-149.022345079412,210.97831645439754
-149.09192365185652,212.47725377317352
-149.10706085894103,213.97537405844975
-149.0661589349619,215.47128720741762
-148.97262314002035,216.96881362077835
-148.83146927072485,218.46258847569817
-148.64534984595718,219.95150946269496
-148.41720958008156,221.43432844798045
-148.1476945395845,222.90983977756366
-147.83764950098663,224.37769537997812
-147.48595651871918,225.8365138913581
-147.09255768831224,227.2849927931296
-146.6552044338412,228.72090328049973
-146.17263620980972,230.14219772387213
-145.64062300897766,231.54550390868752
-145.05811074036092,232.92153188859172
-144.41674787790447,234.26716953311552
-143.6908774294858,235.587127110411
-142.89130863754573,236.860513599279
-142.02425903198585,238.0829468354577
-141.09588637380372,239.25922011652955
-140.11229098147004,240.3896841483211
-139.08117782156617,241.47690188494016
-138.00866278752943,242.52325035038257
-136.90080541447975,243.5321596620061
-135.76262781599277,244.50706858086812
-134.59873724244238,245.4515980883568
-133.41811962947662,246.36836861156127
-132.22147195284583,247.2580634455731
-130.98354034751551,248.10725175950574
-129.69714136637535,248.88501860072708
-128.25673812142506,249.68678296899515
-126.91043169515902,250.3460577972205
-125.54327668660493,250.96220641455878
-124.15994074069921,251.54395155154344
-122.76422635743921,252.09710874340806
-121.3603446840905,252.6297562447948
-119.9522354709181,253.14972051826703
-118.5572607592517,253.6654436588711
-117.17531496246508,254.19789732314513
-115.74728467094107,254.71239529208552
-114.28565334873468,255.18830653683995
-112.7015840958093,255.63144443368512
-111.24291911382602,255.99201129266402
-109.98082350409315,256.29936293572166
-108.46020833164644,256.6480309718331
-106.81233458911372,257.0144535825678
-105.283613864628,257.3465720085404
-103.95749572658491,257.6164308073477
-102.48645787800282,257.9010274588869
-101.01281286694116,258.17165244158036
-99.5370510025846,258.429771976443
-98.05963881177834,258.6771104139046
-96.58120214130088,258.91787186089977
-95.10168742626645,259.15367612476865
-93.62144756812809,259.386567758203
-92.14051315352047,259.61654939419964
-90.65865828246163,259.84497375044515
-89.1754209407723,260.0727908715671
-87.69575545561499,260.29993823855483
-86.21403169496753,260.52838867752035
-84.73237159655045,260.75787676184655
-83.25067177565212,260.9888453149787
-81.76955136565773,261.22323320483423
-80.29009678505946,261.4606603754771
-78.80879242381924,261.7033149200656
-77.32991987945759,261.9523609950899
-75.85251951690691,262.2101813250277
-74.37038828729132,262.48001188879067
-72.93631468764993,262.7978013489069
-71.45662760003381,263.08576274061113
-69.98054909664594,263.3739543951374
-68.51029529284892,263.67645600638167
-67.04471015003857,264.0021277345214
-65.58510047427222,264.35820203590345
-64.13425306671095,264.7502868625095
-62.69655073077928,265.1847037734837
-61.2763898013997,265.66923825327723
-59.867200068517754,266.21983069437533
-58.49453986377216,266.83945085297387
-57.161929681322746,267.48867199884046
-55.82675026284921,268.1558194647873
-54.491991221744,268.84212446930854
-53.16776270626004,269.5482286768066
-51.856803645001044,270.2785122014599
-50.56115021261949,271.0356159172185
-49.405930943820664,271.73577460862475
-48.14829989643668,272.5546414944782
-46.91670229939625,273.4118656859388
-45.716686572639944,274.3122836483353
-44.55431197993069,275.26034471266036
-43.43776719427608,276.2614946079082
-42.37618409833096,277.3209061472232
-41.38190555452786,278.4443926255181
-40.46558534846122,279.62869290656687
-39.60983819120594,280.8586553665196
-38.80776134134095,282.12616048762254
-38.0569264477315,283.42497137898215
-37.355900519742846,284.75074620911204
-36.70254114911228,286.10011149484603
-36.09607648784811,287.47179381218484
-35.536938996682615,288.8639131055925
-35.02570995727449,290.2748018798735
-34.564309594479106,291.70288997992606
-34.15516508805176,293.14687667464307
-33.80133377609707,294.6053257284202
-33.508359472625564,296.07709139636415
-33.28328815605422,297.56048629793537
-33.134915662027964,299.0448831547037
-33.078649352874685,300.54033744425635
-33.12013915937496,302.0432528909809
-33.254882209800336,303.5366053783948
-33.472984406465564,305.0201889855511
-33.76649491437272,306.4907361612743
-34.12859581081115,307.9461226822377
-34.552881281060024,309.38454192934205
-35.03415902366254,310.80505328486913
-35.56792417498558,312.2067390332956
-36.15019520678255,313.58882483454045
-36.77840577380862,314.9506460477811
-37.44985035993653,316.29148154219695
-38.16281982964475,317.6111444072752
-38.91557747633942,318.9077124019279
-39.716548326069244,320.17613224165007
-40.58632028984405,321.3986753817639
-41.5168568273408,322.5746742848627
-42.500546572567245,323.7067791748512
-43.53056595981859,324.79723068003705
-44.600908492909895,325.84843272498904
-45.70599100537953,326.8632920718113
-46.84108661444319,327.84463337114926
-48.0024491771754,328.794941474057
-49.18692134008339,329.7164752794301
-50.51764499117407,330.69253050368246
-51.738575922302,331.5601644310286
-52.961437466687855,332.4046231995769
-54.21866930524421,333.2151065050065
-55.51971967843788,333.9750117332353
-56.84712092952021,334.6803253063148
-58.19462511329036,335.3440622567186
-59.55687582565267,335.97339751130903
-60.933376181333394,336.5769532063846
-62.320044351203244,337.1588892855633
-63.71330534984226,337.7239521185585
-65.1109394905249,338.2772719632334
-66.51146204659194,338.8259957606406
-67.90561853850151,339.37983924917984
-69.2397610989622,339.9355641834111
-70.68645451142972,340.4395133390701
-72.1089676691305,340.91524821322855
-73.53793759766373,341.3723626955996
-74.9719049363389,341.8171140222216
-76.40346105468925,342.2596651443474
-77.83620948182511,342.70366199964553
-79.26888119118546,343.1482475996299
-80.70150423264265,343.59325503099393
-82.13414128650362,344.03815915954056
-83.56668082892551,344.48254370402185
-84.99929258256351,344.92688412873486
-86.44184401165408,345.37350232545117
-87.8636226442151,345.7762639472188
-89.30366740613144,346.2216684347311
-90.72695237734402,346.6756678719897
-92.1550064163284,347.1337555779076
-93.58536890063777,347.5884981492575
-95.01788420998035,348.0357105837039
-96.45337834518348,348.4726486629624
-97.89279039008821,348.8971406399755
-99.33675102131375,349.30731402337545
-100.78602336573641,349.70146903903037
-102.24084650429617,350.07809996846333
-103.69741600812577,350.4346801966835
-105.15780537367982,350.7699137146557
-106.62459284003155,351.0829501055861
-108.09751460759536,351.37233361650027
-109.57615575058975,351.63639512256776
-111.05900799137002,351.87334454778244
-112.58762046001166,352.0846184402347
-114.05860128796024,352.26621292213224
-115.51981290645416,352.4320363271307
-117.01227421740157,352.5937574102749
-118.50542191848984,352.74681473332583
-119.9975348212398,352.8908833129014
-121.49081955330658,353.0263477975777
-122.98521144812281,353.1532645944957
-124.4804451732598,353.2714195861599
-125.97641520257952,353.38075482632524
-127.47307693994246,353.48138157504064
-128.97039626960515,353.5733811094554
-130.4682628672494,353.6566636240775
-131.96660444505764,353.73111304337795
-133.4654325487049,353.7969326122762
-134.96453522262178,353.854017943676
-136.46366099331993,353.9022463398576
-137.96291737092486,353.9415810579273
-139.46238409870926,353.9715570055264
-140.96216937259393,353.99230500779055
-142.46209352620178,354.0033740221349
-143.96215552622746,354.00452248362313
-145.4622304810765,353.9954205626203
-146.9622618707239,353.97583637388817
-148.46206926390224,353.94524406708524
-149.96163663547745,353.90327001870406
-151.46067334942077,353.8495193278977
-152.9591622927652,353.7836059818568
-154.45709795568277,353.7049826813039
-155.96121888816907,353.61242391128644
-157.45746737940075,353.50718856887164
-158.9456973448719,353.3945803095169
-160.43960635064792,353.27566337390306
-161.93442156167546,353.1506437121002
-163.42864641220933,353.01947906336784
-164.9223164717817,352.8820176969089
-166.41528637848694,352.73809363327103
-167.90763966603353,352.58745778463464
-169.39935646384296,352.43005302918135
-170.8903344649217,352.2657081719599
-172.38061383704735,352.0940871580708
-173.87000960734858,351.91495685939304
-175.35849662150946,351.72792992530464
-176.84589027323997,351.532864445305
-178.3322223203284,351.32935312828
-179.8172629105754,351.1172148738583
-181.3009447263477,350.89597017537903
-182.7831290557167,350.66547591934926
-184.2636603414203,350.42520950111896
-185.74247860661157,350.17514706816786
-187.21969142630638,349.9146909670973
-188.6950183294663,349.6433029653406
-190.16832219706941,349.36058054824997
-191.63913054527976,349.06611982377206
-193.10754356733779,348.75924029187786
-194.57325766979642,348.4394588930703
-196.03581519469793,348.10579136733975
-197.49492193771928,347.7574032636353
-198.94999942639222,347.3931990317858
-200.400742619397,347.0121494958682
-201.84661621618238,346.61312041867643
-203.28694219719344,346.1949528507563
-204.7210926385521,345.7563562563847
-206.14189145758988,345.29729296581866
-207.55667356515667,344.81352695888177
-208.97452329227434,344.30196373753824
-210.3806430013328,343.7688760456405
-211.774081855966,343.21396072564136
-213.1582975281947,342.6363031112054
-214.5328977400712,342.03638017282594
-215.89751206600926,341.41434309077846
-217.25184513682228,340.7701665417043
-218.59578577964888,340.1046043372837
-219.92941886211491,339.41840031844686
-221.25262506459873,338.71237558200477
-222.56537637044352,337.9869934664964
-223.86780819603837,337.2432418363245
-225.15993344788893,336.48206853886114
-226.4421752240327,335.70410214260266
-227.71465852234948,334.9103733644824
-228.97793606732367,334.1019081657593
-230.23238941179173,333.2796918305664
-231.47837906084038,332.44500336559
-232.71654662289325,331.59863699164066
-233.94743498568732,330.7415492870292
-235.17160426004344,329.87490942766976
-236.38960941624234,328.9997088072598
-237.60213329803207,328.1170007596943
-238.81002912286974,327.2277240648518
-240.01381839080264,326.3329394725592
-241.2143699791202,325.433730058429
-242.41310355823015,324.5305561726015
-243.610346332549,323.62335849327917
-244.79446800431765,322.7092371153075
-245.97007600072206,321.77717362493985
-247.1348933098452,320.83166126382264
-248.28968416485537,319.8738819957059
-249.43527617773606,318.9049501518949
-250.57158753259483,317.92628887017884
-251.70005663915575,316.9383548312641
-252.82099651469088,315.94169560591735
-253.93470839763506,314.93696843719846
-255.0418482279092,313.92470757954277
-256.14270992289835,312.9054762240968
-257.23758179422975,311.8797785818241
-258.32683153781954,310.8481127237244
-259.4107084537336,309.8110353025822
-260.4894150713723,308.76872669153863
-261.5633285269636,307.7215976788612
-262.63258009003954,306.66995328521233
-263.69768963524973,305.6138842897494
-264.75929023518745,304.5535118033183
-265.81723566107684,303.4896317087895
-266.87187259302374,302.4225697463544
-267.9236863613661,301.3527062157668
-268.97276348752484,300.28057124135813
-270.01968081496176,299.20633129467495
-271.06474814879624,298.1307373440372
-272.10829155059105,297.05430297524447
-273.15098327534844,295.97750712760194
-274.19444216816595,294.899903355568
-275.22062289381506,293.8421741180924
-276.25702132205174,292.770035252602
-277.3150580333918,291.65870320715896
-278.34079095318134,290.5596272755718
-279.35527641907777,289.4530258235436
-280.358978847849,288.3393089374384
-281.35204193428507,287.21904037038576
-282.33946438246943,286.0873405889719
-283.3189370400051,284.9476730357825
-284.2893864448357,283.80213149114985
-285.25157016117623,282.6508250327035
-286.20627849326223,281.4941360345313
-287.1544701460014,280.3320932805813
-288.09743352288257,279.1650550271492
-289.03656840199255,277.99368317871097
-289.9728064851011,276.820181032168
-290.90622081429694,275.64981796952753
-291.845853397635,274.4811969719402
-292.6836707804475,273.46869697194023
-293.7340115822232,272.1650694664425
-294.67643362534403,270.9895657461813
-295.61197325802857,269.82091971204005
-296.54836762510223,268.65002866092624
-297.48422282729155,267.4779916680511
-298.41986285488383,266.30549682897447
-299.35575382746816,265.13330170882165
-300.28967816365383,263.95962678758485
-301.2234083202446,262.78571445440554
-302.15723075281477,261.61196950940297
-303.0888701328949,260.4364179263841
-304.0205209034609,259.2608976632971
-304.9534637087072,258.0863343094152
-305.887360203031,256.91266587842716
-306.8224964373283,255.73980544582037
-307.7586907413189,254.567857711986
-308.696002608917,253.3967851915966
-309.6343004692443,252.2265925769374
-310.5737901947086,251.05731840501218
-311.5143735552291,249.88894470469359
-312.3614194536666,248.83793762461545
-313.3041202289725,247.6712396606448
-314.2480772027379,246.50553155390855
-315.1931393212525,245.3408795876495
-316.1394432596373,244.17695383307944
-317.0868117903612,243.0139453200727
-318.0353237035252,241.85194256553007
-318.9850786538198,240.69095125063401
-319.9359147652837,239.5309740880119
-320.88811432598396,238.37193531463512
-321.8415984779223,237.21400301099897
-322.7965285635613,236.05725705940336
-323.75300823803144,234.90180248922636
-324.7110833984729,233.7477968544756
-325.67077658274206,232.59500285721893
-326.63197696870844,231.44350234887298
-327.59432110591473,230.29289195543365
-328.5569597207018,229.1426106975469
-329.5196231018946,227.99225102285763
-330.4822704925377,226.8418843348946
-331.44491159399723,225.69146829347181
-332.40741574918616,224.54095788076575
-333.3697723533886,223.39042655636277
-334.3321410974634,222.23980137830102
-335.2965999718032,221.0909420453986
-336.25870843118963,219.94026219011008
-337.2207609472136,218.7893714972202
-338.18272908762594,217.63858500499902
-339.14464734910945,216.48777537105852
-340.10953752671395,215.3329507575899
-341.0689338942133,214.18420350190001
-342.0291538000667,213.03410432809687
-342.9901827923943,211.88257229612262
-343.95107928368844,210.73084094030958
-344.91179029366157,209.57877888911176
-345.87205097527425,208.42649503581396
-346.83193076327353,207.27388262112504
-347.79133299145826,206.1209711987073
-348.7505301946706,204.96773196308993
-349.70936317606527,203.81419755064775
-350.6679454293866,202.66040810137636
-351.6262418757337,201.50650403539692
-352.58421892660704,200.3522470225438
-353.54194110807504,199.19777355428792
-354.4994466759111,198.04307014271626
-355.4557179261306,196.88733941560378
-356.41250325435794,195.72883877714645
-357.37106243314486,194.57130968826488
-358.3236757507675,193.41990072670737
-359.27945036586635,192.26411949440268
-360.2350742365887,191.10813139307396
-361.19058023311135,189.95208687988145
-362.1459375032922,188.7956348172924
-363.1010761924994,187.63896396224192
-364.0563111155572,186.48160401445355
-365.0125772751395,185.32309768374878
-365.966521724591,184.16871167383906
-366.92318650889626,183.0131855472778
-367.8810076598887,181.85856691118397
-368.84002351685194,180.70513945582937
-369.8000021619574,179.55298454458813
-370.76378725062,178.39881854793643
-371.7244400187265,177.2510408248517
-372.6879235226239,176.10230698602226
-373.6529737004768,174.95403129284645
-374.61916993477365,173.80690724206409
-375.5866739274315,172.6607951763785
-376.5553942179638,171.5156465397986
-377.52518679815967,170.37141474065717
-378.5003663580189,169.22300720061844
-379.47069984843114,168.08231290601094
-380.440653124595,166.9436330093435
-381.41385399147117,165.8022731397334
-382.38737364913493,164.6612812977452
-383.3613232965532,163.5206039185056
-384.33561703293253,162.38026571771778
-385.310440111143,161.2402060100077
-386.28570243728177,160.10054202093414
-387.2640667529862,158.95838878449214
-388.24271275825816,157.81700864126438
-389.21502000161655,156.68421867251809
-390.1925692446205,155.54652482445323
-391.17085520255654,154.40928226035751
-392.14971145290065,153.27258578992817
-393.1291839223287,152.13638652056358
-394.1092833908101,151.00065636585674
-395.0899624214274,149.8653057243926
-396.07124163858464,148.7303424560423
-397.05415408566904,147.5945213936002
-398.034822749275,146.46227453504554
-399.0170636355542,145.32883506614655
-399.9999942205129,144.19576541504952
-400.9832070137622,143.0630969703127
-401.96682787460605,141.93066871796427
-402.9506905526594,140.79867166153014
-403.9349860749976,139.6668300764387
-404.9194391260625,138.53523952761049
-405.9040214264438,137.40380318203833
-406.8887292590664,136.27238047974356
-407.8734757084736,135.14103615395783
-408.86284819176353,134.0045797113782
-409.8487157448323,132.87233485766947
-410.828630439867,131.74701768655126
-411.81365661566383,130.6158115704626
-412.7987370694713,129.48459115180162
-413.78359729429184,128.35316430161225
-414.76812559967385,127.22146762943395
-415.7521512680703,126.08931058034312
-416.7356929977544,124.9566580526662
-417.71896021687826,123.82367961134229
-418.7020796591401,122.69061323692364
-419.6852467245843,121.55747213886838
-420.6685507996603,120.42437918062548
-421.6515688892227,119.29144846155123
-422.63447924587496,118.15853497450874
-423.6169715726154,117.02535884914565
-424.6046994653519,115.88526181655672
-425.5827258279015,114.7549465766339
-426.5615271203471,113.62267152055621
-427.542105855845,112.48770615715033
-428.52252304921325,111.35248650682588
-429.5027059082516,110.21701839914522
-430.4825316005701,109.08126827648023
-431.46192244326886,107.94528205220576
-432.44099626205553,106.80898433492366
-433.4198675232519,105.67239442710321
-434.3987378726658,104.5356733024466
-435.3773002809119,103.3989769533345
-436.3559956832548,102.26215081329345
-437.3346926439951,101.12533243160568
-438.31337586004616,99.98847709385687
-439.2920355503635,98.85152873270728
-440.27051290489993,97.7146847037684
-441.24916872171616,96.57757058666202
-442.2277547061431,95.44061130771973
-443.206255128824,94.30379623605053
-444.1847235427566,93.16693214107113
-445.16296200846926,92.03016547848186
-446.147862823177,90.88554366055715
-447.12297015585386,89.75233088406509
-448.0979473271474,88.61924176371899
-449.0762946736957,87.48215999342167
-450.05460105827103,86.3451461291665
-451.03285625003053,85.20797875911379
-452.0109744330711,84.07093660388455
-452.98925451311186,82.93387282459251
-453.96758384662763,81.79673020937453
-454.94569848763956,80.65963473479546
-455.9238293256292,79.52227732732841
-456.9018641257947,78.38497188567467
-457.8797991653224,77.24765348509459
-458.8578524803748,76.1102520754917
-459.83584411026175,74.97294307405987
-460.81399885837726,73.83547688876732
-461.79196454310693,72.69804015245737
-462.769906516367,71.56069519276564
-463.74793433114223,70.42322892910447
-464.7260179678334,69.28580399819354
-465.7042663029091,68.148309735972
-466.68211675365137,67.01122222813785
-467.6600317348473,65.87413247895299
-468.6381465033194,64.73680525195319
-469.6161568655293,63.59970912281713
-470.5940356854777,62.462514804134244
-471.5721391905321,61.32520443007781
-472.5501577537096,60.18787449789404
-473.5283629309197,59.050333492779714
-474.50628589793456,57.91305011816736
-475.4843656889125,56.77580085580502
-476.462719088867,55.63828274201556
-477.44103541575026,54.50085569661503
-478.4217768336812,53.36055178724784
-479.397331689375,52.22613289359124
-480.374977675156,51.08921785477561
-481.35315229359577,49.951913898117965
-482.33128613290916,48.814670119916826
-483.30951623055745,47.677462313481314
-484.2875955443199,46.54031816696905
-485.26582424189377,45.403060951527735
-486.24404423669574,44.265651939372084
-487.2220968143409,43.12837801937118
-488.2000882079461,41.9909649030208
-489.17793355771136,40.85365425526125
-490.15572208644227,39.71622890516768
-491.1273164370039,38.58591171322882
-492.1086483730507,37.444277958135245
-493.08921666764445,36.30344920507733
-494.06689752867186,35.16594117677469
-495.04457003837194,34.02838860440138
-496.02223374027784,32.89071218231063
-496.9996751050983,31.75317826378729
-497.97721307745553,30.615572809192276
-498.95458838239574,29.478103088625172
-499.9320383752839,28.34059894759702
-500.9096389389897,27.202996109866973
-501.8874277260792,26.065399064996388
-502.86544900663097,24.927836189960743
-503.8433829716937,23.790534369107803
-504.8215048695074,22.653418905723704
-505.7999957628731,21.516380796194888
-506.77858402252764,20.379701193271572
-507.7572973697647,19.243048702692573
-508.7361618871724,18.10671889649094
-509.715446036355,16.970704619954297
-510.69537266356684,15.835001847648833
-511.675997674825,14.700157741791283
-512.657516507003,13.566226694806666
-513.6399700709248,12.432966756246628
-514.623245365787,11.30041009557504
-515.6072021479873,10.168405581401425
-516.5918431327436,9.037094062541755
-517.5771279900181,7.906384942108614
-518.5633098577291,6.776181245178151
-519.5499848104668,5.646765103261234
-520.5372942173742,4.517728949837452
-521.5242536007567,3.3902729151483078
-522.5090872736611,2.2664953808496935
-523.5026046138827,1.1341010389593063
-524.4922682334934,0.007221327444436418
-525.4827265475958,-1.1196318818280795
-526.4735382703885,-2.245752909534426
-527.4649592744199,-3.371215176654143
-528.456952359727,-4.496191238818883
-529.4494226752815,-5.620705392481681
-530.442475160475,-6.744970470328487
-531.4357862025711,-7.868608349568906
-532.4295354360061,-8.991753367214981
-533.4237963011909,-10.114635379328718
-534.4184284502761,-11.237058949048205
-535.4137016839401,-12.359116667510214
-536.4090771768344,-13.480669436107956
-537.4047757976319,-14.602256137877902
-538.4005172146435,-15.72377268831094
-539.3961094239066,-16.845129393483347
-540.3918764076733,-17.966725905326307
-541.3873790190321,-19.08837309640924
-542.3828365960994,-20.210174275508123
-543.3780294277952,-21.332402342078616
-544.3725947883162,-22.454883314507963
-545.3668753615613,-23.57777402677516
-546.3608278682867,-24.700856677268
-547.3541826630502,-25.824240209364408
-548.3471594213736,-26.948211305874754
-549.3395661367388,-28.072631091350345
-550.3268724705292,-29.191945432358345
-551.3216043195192,-30.320481628422108
-552.3146983514567,-31.448052957426437
-553.3055712557488,-32.57398394288319
-554.2960731954852,-33.700183823364895
-555.2862614401358,-34.82655668507888
-556.2761171969611,-35.95312258172027
-557.2658468351932,-37.079728342653496
-558.255890838678,-38.20638604724529
-559.2462982785028,-39.33266756752508
-560.2371425481866,-40.458405328434694
-561.2288868737095,-41.58353693886788
-562.2212973589968,-42.70774720998767
-563.2146186189145,-43.8314192198513
-564.2084004843794,-44.95412250489098
-565.2025500808944,-46.075292045381175
-566.199530310287,-47.197648606942934
-567.1969554032604,-48.31845170151051
-568.1951241950999,-49.438471695044676
-569.1937726078497,-50.55756332099896
-570.1931881767925,-51.67596684826098
-571.1882176394306,-52.78899668373425
-572.1907439288678,-53.91044839142971
-573.1918700170058,-55.031190391365385
-574.1901163862119,-56.15042523021444
-575.182109022209,-57.26567857276211
-576.1787920513564,-58.390133310644366
-577.174314851628,-59.51781468267286
-578.1644445811044,-60.64431098415959
-579.1485341114429,-61.768194196180396
-580.1345314256673,-62.898456420871725
-581.1224902135142,-64.0343737054869
-582.101938739844,-65.16353647449401
-583.0819458616742,-66.2960589939611
-584.0649185600868,-67.4350047621734
-585.0430634956297,-68.57099954040734
-586.0204930653323,-69.70857388421975
-586.9964307367565,-70.84707419794208
-587.97116722377,-71.98675829455713
-588.9446409303082,-73.12752977034336
-589.9162879145917,-74.26970938649426
-590.8861298335572,-75.4136611846696
-591.8537106877997,-76.55941362130199
-592.8184403657676,-77.70628065618286
-593.7791229014923,-78.85303692430665
-594.7430482554414,-80.00770060553228
-595.7015723293669,-81.1611347578586
-596.6571642783382,-82.3168090499485
-597.6096547768321,-83.47521831283679
-598.558718281403,-84.63637803546017
-599.50408265431,-85.8005888279293
-600.4453250530293,-86.9683189074958
-601.3817965909973,-88.1395454888981
-602.3136156533881,-89.3145759109774
-603.2406767390405,-90.49336354493504
-604.1626782440577,-91.67588024188063
-605.0795149437567,-92.86265175994625
-605.987773514573,-94.04995324312644
-606.8954118239865,-95.24779933207496
-607.7961338724273,-96.4488695634507
-608.6901582933999,-97.65279687059157
-609.5784014933093,-98.86119024485535
-610.4604373798722,-100.07389113853155
-611.3362209325755,-101.29107485387816
-612.206289829077,-102.51265563780565
-613.0703208186056,-103.73815894523577
-613.9287885738848,-104.96773776401585
-614.7815682401005,-106.20117649993313
-615.6282164284132,-107.43868448777506
-616.4669683302945,-108.67663651342235
-617.3024064406371,-109.92145420971133
-618.1355184555009,-111.17409424219744
-618.9604946092278,-112.42615987534359
-619.7804335170998,-113.68148839700238
-620.595251857433,-114.94027705256114
-621.4049686912709,-116.20227432172953
-622.2092912640918,-117.46770480062867
-623.007924943387,-118.73659404255807
-623.8011721900675,-120.00893698623088
-624.588544024421,-121.28488040423579
-625.3695593379182,-122.56350231801164
-626.1437564246062,-123.84392799265368
-626.9161398917211,-125.13371394558976
-627.6805062528371,-126.42347582771696
-628.4388107999769,-127.7168418228222
-629.1907889867463,-129.01382698214093
-629.9362202728735,-130.31485742226735
-630.6755150837673,-131.61934227583663
-631.4082498899057,-132.92760249125698
-632.1347314916044,-134.23948331460986
-632.8545618341772,-135.55485242160267
-633.5677813595302,-136.8737976838683
-634.2731540570107,-138.19425790175765
-634.9732076177105,-139.52228869551152
-635.665732189663,-140.8528568224541
-636.3507776517301,-142.18654171607153
-637.0286334539358,-143.52373609368402
-637.6994097247989,-144.8646896439846
-638.3635244085649,-146.20867521393768
-639.0201596202586,-147.55660334818242
-639.6686367702652,-148.90820681715041
-640.3083656039113,-150.26389688022417
-640.937076344558,-151.61984827905127
-641.5589550808584,-152.98616936560015
-642.1717856612592,-154.35716191077242
-642.7742416855984,-155.72990928280313
-643.3668627171196,-157.10702549463613
-643.9491809724399,-158.48869381333222
-644.5204770007746,-159.8748027102861
-645.0808182342936,-161.2655180828722
-645.6294881167906,-162.6607004363365
-646.1652574407365,-164.0609509815799
-646.6866397326592,-165.4634628085179
-647.1935009888391,-166.87349079075932
-647.6851750450865,-168.29435749367704
-648.1572426320636,-169.71742039751493
-648.6091071567284,-171.14686710292395
-649.0398421670383,-172.58290172686355
-649.447907248353,-174.0255018732742
-649.8311702587622,-175.47506474990718
-650.1850358243838,-176.93049446153265
-650.5073032713638,-178.39209542582822
-650.7963872473545,-179.86723170132572
-651.0472929639808,-181.3452430500266
-651.25699933591,-182.8297332275938
-651.422259458476,-184.31975238939293
-651.5398049314981,-185.8139659668146
-651.6100336621762,-187.31135686359585
-651.6302138765134,-188.80966269211999
-651.6004529787062,-190.30654722295887
-651.5210394345631,-191.80462299644682
-651.4009526688299,-193.29822021277505
-651.2427480241028,-194.78846148557193
-651.0457891036784,-196.27520352845423
-650.8117008334792,-197.75392404823089
-650.5391801213196,-199.22723461858695
-650.2291279667334,-200.6932635015852
-649.8826747043474,-202.15101380775286
-649.497942340414,-203.6025186539359
-649.07919144841,-205.0387177637549
-648.6261301833626,-206.4664678435296
-648.140386799927,-207.88415467510032
-647.6239994581363,-209.29124294037902
-647.0756535699165,-210.69081315645863
-646.4992120887678,-212.0719347463347
-645.8903540806564,-213.44019390748636
-645.2474604263352,-214.79510800648754
-644.5715716038982,-216.133865796097
-643.86429619964,-217.45090967675796
-643.1205473302746,-218.75551137971468
-642.2668180533759,-220.16949676897286
-641.4563239960464,-221.43049054300974
-640.6156220349592,-222.67178159875579
-639.7458815291469,-223.89313594681772
-638.8456746023687,-225.09352921355574
-637.9174269678789,-226.26957123974083
-636.9647795215685,-227.42264601526819
-635.9785849535757,-228.55368458260213
-634.9579872105946,-229.65605206549156
-633.9121051737199,-230.7300679884944
-632.8389061349015,-231.77724836546992
-631.740544336558,-232.79768590656744
-630.6186844883789,-233.79208927561206
-629.4739175310212,-234.76022487391793
-628.3051226838031,-235.70015047340428
-627.1197209605077,-236.61766673635685
-625.9123739368321,-237.50789331625694
-624.6835508542416,-238.37108751271785
-623.438966424053,-239.2019898171371
-622.1756057768538,-240.0057173630982
-620.8918827373725,-240.78335794228283
-619.5949214125864,-241.5340146421366
-618.2816730328793,-242.25796084028664
-616.9533894774579,-242.95343010227566
-615.6108432250327,-243.62057417463208
-614.2542001732522,-244.26094828599784
-612.8864521122903,-244.87334896406796
-611.5065760604867,-245.4606545168888
-610.1157497936126,-246.02151689035836
-608.7152799018029,-246.55769859849886
-607.304915576355,-247.06845593876696
-605.8864779213385,-247.55536309076132
-604.4595741958101,-248.0179335820041
-603.025751324221,-248.45793893269763
-601.5850318935604,-248.87400719227705
-600.1337109342292,-249.26923969218953
-598.6833594929458,-249.64086670109748
-597.2267582765058,-249.99230865017063
-595.7641334418764,-250.32517532889085
-594.2977875823535,-250.63927539624908
-592.8273527868215,-250.9359285891492
-591.3493214325985,-251.2172055270542
-589.8750848418488,-251.48282651879256
-588.3991070754456,-251.73442029412973
-586.9185417117068,-251.97445663181537
-585.4360710426546,-252.2036329988951
-583.9477590901305,-252.4237810533159
-582.4632181544057,-252.6352053440935
-580.981146623678,-252.8392103872842
-579.4944878046533,-253.03820098023746
-578.0069819820029,-253.23221925389743
-576.5184491969575,-253.421625685342
-575.0288081005519,-253.60664666514162
-573.5388571878624,-253.78798625177836
-572.0495009541978,-253.966391074102
-570.5597008223818,-254.14208703045176
-569.0698652495577,-254.31603106074968
-567.5801038578578,-254.4893387673238
-566.0901582848251,-254.6635602055515
-564.6007584306853,-254.840983167523
-563.112989439784,-255.02476577833184
-561.6284009175986,-255.21633221106194
-560.1380755831685,-255.4183778961629
-558.6532661997056,-255.63060502210212
-557.170168770036,-255.85330980088102
-555.6887826271261,-256.0886172413542
-554.2097331206319,-256.33678795140713
-552.7335442980639,-256.6017327992747
-551.2606953406539,-256.8859945843808
-549.7929786080194,-257.1940836866895
-548.331255722242,-257.52636003680266
-546.874702670938,-257.8879141273069
-545.4261141417028,-258.2780541106491
-543.987211983235,-258.70228298386917
-542.5587834714764,-259.1595634300339
-541.1418565333355,-259.65145902133554
-539.7380214406255,-260.17909894376106
-538.3491978685219,-260.7452317319037
-536.9802711212948,-261.3482593146761
-535.6243249147375,-261.99493656633916
-534.2891141820379,-262.6804420736546
-532.9756308210991,-263.40393947076115
-531.6834134650178,-264.16456828517477
-530.4136136383811,-264.9625098962563
-529.1672451282376,-265.7965089040123
-527.9470986403973,-266.6681633622208
-526.7528044062628,-267.57518131483647
-525.5850925478544,-268.51578123655247
-524.4441235217654,-269.488951115943
-523.3316832424449,-270.4944379283628
-522.2489866163234,-271.5320217033674
-521.1975750742963,-272.6017935831737
-520.1800264465599,-273.70345298418545
-519.1968233610744,-274.8356105428168
-518.2507543501857,-275.9953246794313
-517.339694742513,-277.184433221591
-516.4595397765513,-278.4038140345358
-515.6172429150129,-279.64425109021323
-514.8113205344662,-280.9087191108327
-514.0421936924125,-282.1957769577892
-513.308833080527,-283.50359625722245
-512.6130084292602,-284.8317702331293
-511.95689475974063,-286.1799014277208
-511.3418820736041,-287.5464357539647
-510.7699641225121,-288.92974043608524
-510.2374455680257,-290.3350152174545
-509.7491291701358,-291.7530095752998
-509.30448298643,-293.1849847558406
-508.896740013077,-294.6280149425136
-508.54829778881594,-296.0863316415806
-508.2453659732572,-297.55482375761574
-508.0002986344277,-299.0342213656507
-507.78945647077126,-300.51869204326636
-507.63009391095807,-302.00988601851117
-507.514085214438,-303.50477998723767
-507.44382090552165,-305.002520888442
-507.41999480618847,-306.5018769903352
-507.4374381014244,-308.001046431537
-507.49748420375727,-309.5029926098351
-507.5975698741662,-310.9965437129975
-507.7392871858575,-312.48870068995984
-507.92159281302764,-313.9772731109704
-508.14740787284677,-315.45967828150253
-508.4150618374057,-316.93527448955655
-508.72568768248465,-318.40276430802265
-509.07820445706636,-319.86046531742375
-509.47626141864777,-321.31095855096
-509.91685863697785,-322.7427689238944
-510.4029586067034,-324.15966105230945
-510.93252194134215,-325.5615205701967
-511.5057028851334,-326.94612758472556
-512.1232218001901,-328.3148028059202
-512.783461444794,-329.6616778381131
-513.4848615968946,-330.98649837945953
-514.2283392632727,-332.2891926894512
-515.0120801701717,-333.5678655674521
-515.9226125583529,-334.9438695579254
-516.7909763043629,-336.16668114307384
-517.6979070473685,-337.3609104255642
-518.6432850409191,-338.5249108764008
-519.6254314982124,-339.6578962171934
-520.6419954264841,-340.76055258370576
-521.6918937529236,-341.83138365154866
-522.7725136111229,-342.87137230109613
-523.8820899084141,-343.8805388657239
-525.0182687825433,-344.8593739818979
-526.1800776402753,-345.808062316412
-527.365568370331,-346.7266725536443
-528.5740181818985,-347.615034742551
-529.804436430938,-348.4740447327812
-531.0552710870408,-349.30560966507716
-532.3222947287119,-350.1032673857607
-533.6094399709036,-350.8727935167985
-534.9128011743487,-351.61469780979365
-536.2327869263671,-352.32703171724876
-537.5677572675883,-353.010572734335
-538.9178793423268,-353.6639795542021
-540.2819204110889,-354.28772611088516
-541.6595519019637,-354.8812516119987
-543.0497249540923,-355.4444687331452
-544.4519974436841,-355.97651062672037
-545.8662641941136,-356.47660472713596
-547.2910350439985,-356.9449186308909
-548.7261697991843,-357.3809085549933
-550.1712677928242,-357.78282165457057
-551.625402824641,-358.15042836697637
-553.0873325711545,-358.4857591542526
-554.5567060348021,-358.78657330105807
-556.0373698661369,-359.0547777663807
-557.5166966377877,-359.28780726884776
-559.0011397990276,-359.4857150238088
-560.4917749715501,-359.65070686657725
-561.9861303648315,-359.7792920843502
-563.4831641093181,-359.87118872542356
-564.9822609988024,-359.92694692443405
-566.4820195673483,-359.9462949217897
-567.9817429172471,-359.9280677915137
-569.4807517647454,-359.87269762882744
-570.9777524920236,-359.78163488279773
-572.4723627762557,-359.6550697840836
-573.9634892735896,-359.4940295490636
-575.4502501629587,-359.2984675515032
-576.932553600096,-359.0688734176352
-578.4091985002933,-358.8067339430444
-579.8797991640724,-358.5123499741933
-581.344088604786,-358.1879795594182
-582.8019544647348,-357.8358025343512
-584.2532131530986,-357.4568440867552
-585.6972682233667,-357.0520749845848
-587.1346379678212,-356.62339684073874
-588.5647922968548,-356.1723041291195
-589.9881199930803,-355.700313673067
-591.4051498243208,-355.20883388493417
-592.8158141660082,-354.6997680872378
-594.2204162697204,-354.1740011449744
-595.6190856623537,-353.6332957683688
-597.011923750484,-353.0777739048039
-598.3979454887962,-352.5047225672501
-599.7787263650575,-351.91988073494963
-601.1549146423462,-351.3242495056263
-602.5287911439564,-350.71455929455243
-603.8917801811161,-350.0968414216925
-605.2529862919945,-349.4695029290868
-606.611299849842,-348.8344199701287
-607.9656108683978,-348.19102430167334
-609.3166440368287,-347.5409683308116
-610.6661848470793,-346.8877128261302
-612.0147053830018,-346.231835489992
-613.360991529796,-345.5719979604931
-614.7052018141416,-344.90759145277843
-616.0471491808144,-344.23891156713717
-617.3873020745795,-343.5657239636114
-618.7266301916094,-342.8912478148778
-620.065769416215,-342.21682202540836
-621.4053394351018,-341.54328331559464
-622.7446845572615,-340.8690769577224
-624.0833514008876,-340.1933277063408
-625.4216938384639,-339.51655112567454
-626.7597412521817,-338.8397403020605
-628.0973723812994,-338.1622150669553
-629.4346582145067,-337.48364684305034
-630.7715101361158,-336.80446146580755
-632.108155975705,-336.12456482786433
-633.4443882130828,-335.44409038186666
-634.7803721169497,-334.763423617928
-636.1167306488386,-334.08276532319513
-637.4523316427637,-333.4011722651584
-638.7867934921102,-332.71713950194567
-640.1221508801293,-332.0313855092451
-641.4577788990641,-331.34318429621925
-642.7844647382979,-330.654329134572
-644.1141115198403,-329.9611903633183
-645.4429661615387,-329.26604253762173
-646.7706406884728,-328.5686330889497
-648.0970143105881,-327.8689428600456
-649.422218769584,-327.1663350412831
-650.7451956781474,-326.46026264801645
-652.066551896934,-325.7499637286929
-653.3858094227402,-325.0354803735361
-654.7014675778668,-324.3174433923376
-656.0155430506518,-323.5948119603976
-657.3273527759975,-322.8684265772916
-658.6374404545907,-322.13852916421513
-659.9454167100712,-321.405280817602
-661.2515495125704,-320.66883954675654
-662.555831629626,-319.9286211159298
-663.8573802792756,-319.183854918072
-665.1597376367981,-318.44018397027924
-666.4588576692569,-317.69141080261136
-667.7546545889518,-316.9253579239554
-669.0425529511649,-316.1610922246783
-670.3285672445489,-315.39698006868167
-671.6149813928073,-314.6262109786243
-672.8988087316687,-313.8513986235314
-674.1805023801694,-313.072540406656
-675.4597690678238,-312.2896137455792
-676.7361866989539,-311.5026204970974
-678.0101921875694,-310.711588619254
-679.2817068846628,-309.91643009159947
-680.5508877999661,-309.11765549576995
-681.8177025182736,-308.31477650415115
-683.0815659455652,-307.5078221784622
-684.3431369602143,-306.69731647385396
-685.6025150383739,-305.88272275864347
-686.8586466047615,-305.0637525165622
-688.1122581948271,-304.2405079040716
-689.3627903796705,-303.4128924166431
-690.610009602491,-302.58036478627804
-691.8538994608842,-301.7426823060991
-693.0946176500555,-300.9003304238314
-694.3323651895442,-300.05322850030444
-695.56652166351,-299.2016569837212
-696.797451792573,-298.34523244772464
-698.0250757984344,-297.4840040770991
-699.2492234149223,-296.61785708286646
-700.4695550861486,-295.7463409292471
-701.6859824197712,-294.86952179858224
-702.8981310886332,-293.98681954118484
-704.1062644224211,-293.09866267967107
-705.3107109972025,-292.20535695141564
-706.51131132006,-291.3067221251964
-707.7076848245648,-290.40254847158576
-708.8996563667166,-289.49268949671983
-710.0870273935427,-288.5768034953278
-711.2698284100285,-287.65524862777636
-712.4481129951665,-286.7277818641153
-713.621864147043,-285.79471707710263
-714.7909555261951,-284.8558199803119
-715.9557224656594,-283.91118659342385
-717.1158575063378,-282.9612497457206
-718.2715588680238,-282.0058803105276
-719.4227817259213,-281.04507035912644
-720.5694442811969,-280.0789048593899
-721.7117356000409,-279.10732785292385
-722.8495591173923,-278.1305464829485
-723.982831274071,-277.1485372051373
-725.1115713005005,-276.16177103875
-726.2364022291681,-275.17033308059627
-727.357355926727,-274.1743218419455
-728.4743087641514,-273.17406436149884
-729.5876814201588,-272.1695236656355
-730.6973368397391,-271.16111941641884
-731.8032773484655,-270.1487490347071
-732.905727948926,-269.1323677552121
-734.0045570521183,-268.1123167379548
-735.09968741082,-267.08816665304226
-736.1907649707083,-266.0596498992206
-737.2773170643319,-265.02651673297737
-738.3595210699422,-263.9885351257331
-739.4367710165432,-262.94573303853787
-740.5090249099907,-261.89785090709086
-741.5766483463076,-260.844816724733
-742.638880843604,-259.7866131867967
-743.696141803758,-258.7231670762366
-744.7479089475551,-257.65469998289683
-745.7947764455395,-256.58153356046523
-746.8379101687987,-255.50432733230068
-747.8767106839775,-254.42322508001996
-748.9111563863418,-253.3374503683481
-749.940472142529,-252.2474794991374
-750.9655485376397,-251.15331135313275
-751.9863167997653,-250.05478323003723
-753.0022213838066,-248.95216550741821
-754.0132774384488,-247.844804755955
-755.0191812382196,-246.73299197444672
-756.0202285031926,-245.6166847737706
-757.0166263803251,-244.4960530630377
-758.0077507422017,-243.37095820620385
-758.9935932483905,-242.24121734392523
-759.9744557145534,-241.10739959128082
-760.8513294938502,-240.0820318544644
-761.8234294178227,-238.94019923337274
-762.79033066251,-237.79438756817441
-763.7525241116709,-236.64446088569227
-764.7099388595743,-235.49068456592113
-765.662677282634,-234.33302929726554
-766.6107793957682,-233.1713362342527
-767.553735810834,-232.0057074714683
-768.4918182538804,-230.8359534706895
-769.4249417866383,-229.6625491101772
-770.3533374596047,-228.4853303869709
-771.2771289580265,-227.30429974956223
-772.1956973324446,-226.11961531900607
-773.1093574353296,-224.9308314634419
-774.0180621859106,-223.7383727129818
-774.9215885989745,-222.54206164277136
-775.8193551248603,-221.3412611196133
-776.7108225960081,-220.1359696418306
-777.5965583305695,-218.92632848237687
-778.4756466416181,-217.71179199807796
-779.3499513284689,-216.4937757550572
-780.2196396711587,-215.27247749619113
-781.0845637036814,-214.04792679853279
-781.9437166740215,-212.8193041782543
-782.7980341649347,-211.5870539965982
-783.6488336619825,-210.352374066478
-784.4947753348414,-209.1143746027484
-785.3338556801621,-207.8720768045639
-786.1660095774101,-206.6250284873195
-786.9913584884566,-205.37339258991182
-787.8098549544461,-204.11760384767825
-788.6207190062865,-202.85640943590522
-789.4232820216916,-201.59027419281276
-790.2175141370307,-200.31888850039456
-791.0026575443326,-199.0414395979908
-791.7814504702892,-197.75350367725156
-792.5485559581673,-196.46661624323283
-793.3046945569426,-195.17774201743825
-794.0541357072146,-193.8796187347133
-794.7956067334612,-192.57643079317737
-795.5291115082906,-191.2689976205952
-796.2551905706765,-189.95740358058035
-796.9738597607642,-188.64193587195402
-797.6852261505871,-187.32244909717315
-798.3888799323611,-185.99862184275852
-799.083946274306,-184.67040243906771
-799.7709025377104,-183.33791939064588
-800.4509956868031,-182.00196848266538
-801.1238121313462,-180.66234139027216
-801.7905727167392,-179.31939780220583
-802.4508110625254,-177.97347634371621
-803.1043381801501,-176.62405234716627
-803.7515093331799,-175.27179380620208
-804.3927739408066,-173.91668692467786
-805.0285085006687,-172.55895424967
-805.6584141881017,-171.19838415372016
-806.2816143779689,-169.8346870178116
-806.8982674087921,-168.4684555658111
-807.5078319973107,-167.0988999184899
-808.1108688066231,-165.726333290194
-808.7070439988198,-164.35109810689926
-809.2984995872978,-162.96688493879142
-809.8788504055253,-161.58893851416525
-810.4518558784611,-160.20639480810206
-811.0181261143177,-158.81822888489157
-811.5763709198541,-157.42687798683374
-812.1264725146834,-156.03250024175532
-812.6696714427691,-154.6351303266756
-813.2061510711719,-153.23549095843512
-813.7369617079883,-151.8333588331517
-814.2623599836325,-150.42939403542823
-814.78228170113,-149.02348438360903
-815.2967214702202,-147.61540928125973
-815.8057114198714,-146.2054777016212
-816.3091782982066,-144.79337712218594
-816.806756186696,-143.37932174162063
-817.2978682784103,-141.96308895753066
-817.7827935440899,-140.54447563975032
-818.2611341724556,-139.1237945540176
-818.7330449809716,-137.70070045101428
-819.1985866497794,-136.2757597781011
-819.6578958609811,-134.84870968320774
-820.1111909894714,-133.41956623047355
-820.5584378008451,-131.98879169951158
-820.9993770354157,-130.55581632542862
-821.4342861261664,-129.1210551381332
-821.862826405472,-127.68463798930863
-822.2850947268745,-126.24594520146589
-822.7012219196934,-124.80578622435145
-823.111350943319,-123.36398183139923
-823.5155654793663,-121.92066282101835
-823.9139916484105,-120.47568557969782
-824.3065279477493,-119.0287256191703
-824.6928386786726,-117.58036770280363
-825.0746715424533,-116.12345015013007
-825.4483027576,-114.67359314643875
-825.8151202060259,-113.22547438662897
-826.177212586279,-111.77077658225598
-826.533985157053,-110.31497080876356
-826.8849390528754,-108.8576126504722
-827.23039387955,-107.39910100635606
-827.5700603615347,-105.93918151488806
-827.9038046769274,-104.47765279497918
-828.2315013779394,-103.01495987024391
-828.5534915613877,-101.55109336428126
-828.8698071343293,-100.08583721073303
-829.1806010149887,-98.61952643931593
-829.4855853506526,-97.15185671526524
-829.7848951968068,-95.68306930327931
-830.0789202484907,-94.21331534472992
-830.3677109638393,-92.74244316715273
-830.6514959364788,-91.27057023008443
-830.930339770168,-89.79765500019313
-831.204365981674,-88.3239238496045
-831.4738659321595,-86.84925982242318
-831.7392419176978,-85.37388899248393
-832.0005976886011,-83.89796434374514
-832.2580299387349,-82.42117737275001
-832.5116658312545,-80.94362266964797
-832.7616016276872,-79.4657603402893
-833.0079090374876,-77.9869614852529
-833.2506429701045,-76.50804322943159
-833.4900312490507,-75.02835461393691
-833.7257036372315,-73.54822758964869
-833.9577574805393,-72.06756398727906
-834.18599616376,-70.58604964441327
-834.4117679557088,-69.09669048602117
-834.6328575200048,-67.61658113194959
-834.850295157564,-66.13877753465248
-835.0649937800644,-64.65553800290357
-835.2760234158067,-63.17162706385369
-835.4839903331296,-61.68733188004329
-835.6891897195944,-60.202411961638106
-835.8917854552404,-58.71749544836158
-836.0921520330155,-57.23217563606712
-836.2900619651077,-55.74612515113844
-836.4854587185799,-54.25997713221629
-836.6787172466743,-52.770681755047484
-836.869991178185,-51.279257459053255
-837.057979112774,-49.799095132480666
-837.245333301269,-48.311838036795514
-837.431565681959,-46.8245988925863
-837.6168368405692,-45.33712074848294
-837.8011565949101,-43.849593220067334
-837.9850746246694,-42.362010929896144
-838.1684978216917,-40.87406430721966
-838.3516934626753,-39.386541415850715
-838.534296497119,-37.89887417087878
-838.7165145453944,-36.41117136740287
-838.8982112191318,-34.92348304712482
-839.0794325436327,-33.4353831919279
-839.2612969692809,-31.938420783474445
-839.4414994868191,-30.453529252041953
-839.6209987838557,-28.971257076369014
-839.8009883203147,-27.483161999634312
-839.9807057717899,-25.99494763674364
-840.1602660153328,-24.506872244993772
-840.3399155746995,-23.018791531938408
-840.5197487874061,-21.530567809857423
-840.6998024004777,-20.04252820623589
-840.8801121960447,-18.554366256876435
-841.0606423306341,-17.06639320731074
-841.2413034606988,-15.578455271493869
-841.4220968123172,-14.090178373756997
-841.6029579114096,-12.602036889451027
-841.7838287061387,-11.113768666318718
-841.9646374266026,-9.625526204226258
-842.1452746485791,-8.1374657674049
-842.3259520724876,-6.649406591196077
-842.5063843074979,-5.16150018767338
-842.6878800173214,-3.6635506612017696
-842.8675235028285,-2.180594967052751
-843.0469393672429,-0.6973372815016698
-843.2267961628625,0.7908373543964343
-843.4063762938024,2.2789600526127587
-843.585847099876,3.7671389680407557
-843.7648324609434,5.255145119607445
-843.9436592282893,6.743300887754958
-844.122124063734,8.231730752964712
-844.2999847118161,9.719967063489285
-844.4775767045395,11.208452449371524
-844.654629541905,12.696868856801697
-844.8312093298921,14.185250186202294
-845.0076584108194,15.673874766746307
-845.183489642179,17.162462799155232
-845.3589936212185,18.6513008060752
-845.5341714032226,20.140049616672563
-845.7091272660041,21.62887294007863
-845.8834866154573,23.117896620272838
-846.0573668219346,24.60699099470647
-846.2307955163622,26.095891473340515
-846.403605514363,27.584859252414592
-846.5759052487899,29.073774329175986
-846.7474717386664,30.56303876890841
-846.9180905103843,32.05214210022283
-847.0880282809711,33.54146978239664
-847.2572817044345,35.0310616919864
-847.4262877596971,36.520540465430365
-847.5950423513593,38.01030141155781
-847.7639175427572,39.50176394776197
-847.9328704129439,40.99485796257722
-848.100968008287,42.47928366295959
-848.2697450413845,43.968812128939106
-848.4386459488733,45.4582118738001
-848.6076072495927,46.94756632678684
-848.7767036322515,48.436636205131116
-848.9459167061874,49.926058879475995
-849.1150729601918,51.415402818171174
-849.284388856453,52.904905309060624
-849.453427263358,54.39414378400689
-849.6223283332525,55.88336154821029
-849.791318138349,57.37278442347491
-849.9598348501698,58.86215985410268
-850.1284772624213,60.35154685493757
-850.29663918387,61.84107267829702
-850.4644494780556,63.33076907282501
-850.6318637225137,64.82090596920186
-850.7987568164361,66.31022514272615
-850.9650656479732,67.79971972197912
-851.1307834768743,69.28980929839966
-851.2961279254994,70.77985499697897
-851.4606579628924,72.26953409249495
-851.624927943104,73.7593470941935
-851.7885419450074,75.24984446463836
-851.9514336048912,76.73991496479242
-852.114381181566,78.22983122951716
-852.2769564997515,79.72014784700174
-852.43926800864,81.20991121175638
-852.601769349987,82.70030755999738
-852.7641966818298,84.19050478118866
-852.9268157618998,85.68031829629817
-853.0897752830539,87.17052669234135
-853.2528383440289,88.66074146799907
-853.4161930076682,90.15089839266696
-853.5794791753573,91.64114598719478
-853.742951401477,93.13102745576163
-853.9067219272929,94.6212578055345
-854.0707518094583,96.11100446959138
-854.2349990582728,97.60081534523736
-854.3995327615891,99.09115577457206
-854.5644399626968,100.5806430130227
-854.7298490071406,102.07031839566365
-854.8955215178341,103.56009362985009
-855.0614896699772,105.05010155680058
-855.2275760595243,106.53993149376082
-855.3936759264684,108.02940422818364
-855.560403088919,109.51937624460307
-855.7270234978834,111.00945839256609
-855.8938571820571,112.49952814638223
-856.0608424317869,113.98954506770322
-856.2280246212657,115.47920811540457
-856.3955462098205,116.96892496890351
-856.5626769767666,118.45415188363445
-856.7299024548681,119.93760212456462
-856.8993084433378,121.43754751088078
-857.0675505774215,122.92655581244405
-857.2361139620318,124.41572299673074
-857.4048933607711,125.90524079501364
-857.5738422720674,127.39504644424136
-857.7432596964917,128.8848350332248
-857.9128737647026,130.37415304899392
-858.0818060578121,131.85580438296043
-858.25265062604,133.3508264304823
-858.4235537543638,134.84389164129442
-858.5943770754533,136.33352749704505
-858.7654985722129,137.82275594588705
-858.9370168698754,139.31207265428282
-859.1079935237306,140.79347185132153
-859.2801297359704,142.28263669315243
-859.4535512585816,143.77974379280465
-859.6264198255723,145.26855011548463
-859.7990055554195,146.753148595867
-859.9719082341868,148.23830507413066
-860.1465029720085,149.73522537363743
-860.320026279196,151.22169166302652
-860.4933531512341,152.7058068246873
-860.6678509458363,154.20076889728043
-860.8409839922671,155.6886574924515
-861.013406084091,157.17458190118893
-861.1858894939238,158.66627336258472
-861.3568875928903,160.1549987752503
-861.5270042587366,161.64393048598225
-861.6961472500453,163.1336843519114
-861.8639603013628,164.62365270934478
-862.0309417138052,166.11369065808373
-862.196962304384,167.6036906642408
-862.3621184550939,169.09399767332658
-862.5258089312647,170.5787610903804
-862.6894646855112,172.07318228195302
-862.8514331624831,173.56115295658722
-863.0128052003911,175.05456660540966
-863.1727207474372,176.54330609607447
-863.3322132648376,178.03474687455028
-863.4917338624025,179.5276101584405
-863.651328195651,181.0161152269831
-863.8115950243448,182.50131989921286
-863.9738687868552,183.99102651037856
-864.1383500074948,185.48578176417368
-864.3033412621157,186.9755792375254
-864.4688094345294,188.46544828936342
-864.634529433647,189.95507853099068
-864.8004846200528,191.44484975970437
-864.9659581256321,192.93482496600353
-865.1310764872208,194.4245078263212
-865.2960735124748,195.91428114766126
-865.460591605292,197.40277377250126
-865.6244806728153,198.88948456527842
-865.7884348006136,200.38396835610013
-865.9506323080906,201.87397115856325
-866.1108170412679,203.3644254039812
-866.2684765779887,204.85490291496978
-866.4236185991209,206.34559995010684
-866.5763637295803,207.8368863069225
-866.7269101080149,209.32816376447846
-866.8750625923733,210.8199477166348
-867.0204937506049,212.31165159854788
-867.1633872640022,213.8023991265775
-867.303534514592,215.29624472219706
-867.440570211094,216.78910239421603
-867.5728845649624,218.28239082840645
-867.7006685483434,219.7760382355109
-867.8229748504234,221.26991076181451
-867.9385555878733,222.7641231887957
-868.0470691400558,224.25871742491717
-868.1475393649973,225.75403043440542
-868.239417243118,227.24979663504672
-868.3225566816524,228.7462467359393
-868.3962125064681,230.24323991819443
-868.4599684250792,231.74532405142878
-868.5136088909703,233.24122488060067
-868.557263690568,234.7364960819548
-868.5909829014569,236.2349897201892
-868.6141200872717,237.73363605016377
-868.6259505990544,239.23657259028005
-868.6257808326193,240.73527123925174
-868.6133610073515,242.22990039828443
-868.5884468451301,243.72864802627976
-868.5495441100593,245.23077555846803
-868.4967513479627,246.73028439669565
-868.4294681927729,248.22255027085882
-868.3480777455075,249.7194468325206
-868.2519371633464,251.21516039501068
-868.1409702238312,252.7124584167451
-868.0151894054827,254.2092316688791
-867.875239933157,255.69617245604238
-867.7197482012397,257.1870054831601
-867.5493437023771,258.6761416098718
-867.3643860267832,260.1638411748636
-867.1648150629653,261.650257121742
-866.9503395461014,263.13601586742215
-866.7223508854021,264.6148558888086
-866.4783295100991,266.0934603998698
-866.218919808711,267.5696075787179
-865.9432481442104,269.0428394748174
-865.6527347215472,270.51325451396167
-865.3458175758317,271.98045306350167
-865.0222459327017,273.44392355300266
-864.6823184427384,274.9037852262186
-864.3253733893578,276.3594361422314
-863.9507324450492,277.81054265354317
-863.5597390208043,279.2574345069955
-863.1511799389341,280.6994085185736
-862.7262762542709,282.13679418475175
-862.2846756800878,283.56901920469716
-861.8259735742334,284.9959501545581
-861.3519423143008,286.4180510511047
-860.8618629398349,287.83461456981536
-860.3557176239566,289.2455116102704
-859.8350004133812,290.6510429831382
-859.299402965586,292.05098927722247
-858.7493230016303,293.44566123242953
-858.1844960793849,294.83419528650336
-857.6050468367957,296.21655432841976
-857.0107369034388,297.59279682901746
-856.4012829438382,298.96274668741
-855.7777294926095,300.3257054041059
-855.1400954706963,301.68210801762854
-854.489123119483,303.0321562211638
-853.8249413974416,304.3756625329239
-853.1489783042172,305.70950007151487
-852.4588805989665,307.0380233388584
-851.7511265324217,308.36585349435666
-851.0316588186811,309.68061048834437
-850.298995008682,310.988196619061
-849.553293405281,312.28866648241876
-848.7944888725823,313.58137312307025
-848.0221989422649,314.86620723759506
-847.2360221207823,316.1423519211675
-846.4350954612853,317.4092445464339
-845.6187320498804,318.6667056312261
-844.786804465791,319.9135179942843
-843.9396234651508,321.1499378496513
-843.0760098498063,322.37516553467975
-842.1976854312321,323.5894939560131
-841.3021118752941,324.79204035270254
-840.3905637247342,325.9818835122087
-839.4636422860872,327.15997299294213
-838.5201651625367,328.32509774425154
-837.5624141521905,329.4777919837214
-836.5881931796916,330.6176037912863
-835.6002734972769,331.7449208743728
-834.5976186138959,332.8594890814586
-833.5822888654035,333.96212150865733
-832.553890182158,335.05297881202364
-831.5141432703147,336.1331716095835
-830.463121161162,337.2022269284819
-829.4017132375233,338.26086858371093
-828.329385520503,339.30834143439347
-827.2466483965115,340.3450447582836
-826.1532407870573,341.3711830710179
-825.0498294888818,342.3859382423751
-823.9368677725494,343.39009159068394
-822.8138927573619,344.3834551721357
-821.6814329005032,345.365845016182
-820.5394479419194,346.33768781305923
-819.3883203749114,347.2982918491328
-818.2286011893736,348.248396856709
-817.0565504421464,349.1914655842072
-815.8800713854196,350.1217163677096
-814.69989522863,351.0381937243891
-813.507882118513,351.94769305921955
-812.3087094684969,352.84744707303406
-811.1026614850134,353.73833794239505
-809.8901135907519,354.6203735880437
-808.671155306365,355.49401569252814
-807.4467110860827,356.35919529979344
-806.2165684830575,357.2163114907163
-804.9813937057139,358.06609683295096
-803.7409613441909,358.90852682691366
-802.4953670195395,359.74386858707663
-801.2455139249596,360.5719532166284
-799.9911544470509,361.39300237719675
-798.7322305386472,362.2073085329935
-797.4691510317944,363.0149552516853
-796.2011485371717,363.8162210362079
-794.9294137501042,364.6099809143919
-793.6501305232867,365.3977892867055
-792.3710423769303,366.17436228111524
-791.0849046065553,366.94440083136305
-789.7935339778119,367.70609236061256
-788.4968707561659,368.45909110089644
-787.1954652145542,369.20347382274446
-785.8887786337468,369.93911559163655
-784.577478357774,370.6658599061691
-783.260918695272,371.3835059650432
-781.9385019556966,372.0909336531142
-780.6104667152408,372.7869928164813
-779.2766548738978,373.47163283176445
-777.9368736121396,374.1451746348003
-776.5919373368021,374.80808511411885
-775.2415604040777,375.4604427423851
-773.8862428334621,376.101975877447
-772.5262042022993,376.73358125751673
-771.1616543520042,377.3555848665549
-769.7926989121858,377.96777489892844
-768.4190725061476,378.5701337995156
-767.041500456843,379.16256639958345
-765.6598162477181,379.74527805434303
-764.2722412154299,380.318510221608
-762.8786325984773,380.88252159246684
-761.4894373699848,381.4338363388767
-760.092353732501,381.9787122479838
-758.692550823565,382.51608037747656
-757.2899853836483,383.04623340437365
-755.8846676652896,383.56979060937914
-754.4768752894943,384.0873804122032
-753.0672687265624,384.59929737585225
-751.655859394188,385.10578051233915
-750.2426480522672,385.60690310388446
-748.8272289109192,386.10264837492673
-747.4096155193687,386.59279286822647
-745.9905126650356,387.0771587782159
-744.5697083553778,387.5560838154105
-743.1468222591388,388.02995010486677
-741.7222548560804,388.4988192997779
-740.2960204523353,388.96327116077975
-738.8687945074797,389.4240857202752
-737.4403748295988,389.88051090936546
-736.01044096951,390.3320437784912
-734.5792830409578,390.77952136426677
-733.1460602316088,391.2219092314449
-731.7108446308589,391.6565959102944
-730.2733208830685,392.08384545930534
-728.8339909632124,392.5051910172885
-727.3935189905951,392.9222396132535
-725.9518022113538,393.3360569737257
-724.5085745628586,393.744034146173
-723.062518690773,394.1415307296544
-721.6137808437619,394.5290816081907
-720.1623603062999,394.9100037826174
-718.7080839959746,395.2862680098466
-717.2578712577078,395.6561045624126
-715.803423728846,396.0216096625479
-714.3473736038796,396.3818545587315
-712.8903781076112,396.7366887250317
-711.4314493813104,397.0865764686357
-709.9717267539702,397.4310976265869
-708.5108679033121,397.7700816809318
-707.0489905903939,398.10313825652867
-705.5853671017044,398.430419771695
-704.1204283934148,398.75228936083545
-702.6544438052655,399.06859920844863
-701.1871952241551,399.37975259194303
-699.7191322062295,399.6857508393966
-698.2500902172449,399.98666120413276
-696.7795615789278,400.2824824205077
-695.3082191430149,400.5732856434943
-693.8360123047767,400.85926493481577
-692.3630090264842,401.1406883269458
-690.8891648339426,401.4174832952257
-689.4138800213864,401.6898222930996
-687.9380368624406,401.95751559086034
-686.6094602022844,402.19514986820406
-685.132194135209,402.45449983088236
-683.6542629005016,402.7092407395337
-682.1754749622039,402.9598816467602
-680.6960602722544,403.20674950637635
-679.2158085707173,403.44780740630335
-677.7342347232342,403.6811570602555
-676.2525005515316,403.91384988431884
-674.7708849074306,404.1467327808414
-673.2869163295281,404.3652200357623
-671.8041146451321,404.58998987382193
-670.3205111165101,404.81077209872035
-668.8367129436896,405.0279419869041
-667.3518990305838,405.24171003636917
-665.8668955596137,405.4520077577692
-664.3813186459658,405.6577395708439
-662.889782843365,405.8751758936386
-661.4071116755301,406.08126750989254
-659.9249645549834,406.2769016533962
-658.4374652402275,406.4709863165647
-656.9501041083486,406.66209814436695
-655.4623280179876,406.8500963007839
-653.9740783725615,407.0347577164954
-652.4853508054084,407.2161549323084
-650.9960799515379,407.39441935054145
-649.5065442496851,407.569490363475
-648.0165218497243,407.74142518611325
-646.5262858163283,407.91017428020706
-645.0358351486929,408.0755544969693
-643.5445097224083,408.2376289881444
-642.0532415963484,408.3964244995037
-640.5616906468512,408.5517689915847
-639.0697049725391,408.7040125457446
-637.5772896758394,408.85305457260597
-636.0842288094609,408.99883840707645
-634.591185564588,409.14123006965065
-633.097944619977,409.28026685049156
-631.6042880577899,409.416014129643
-630.1103844363345,409.54867027911183
-628.6159117052762,409.67834495481566
-627.1217524054299,409.8048860749553
-625.6269760606829,409.9284968560042
-624.1320795057835,410.04928806983366
-622.6367894926218,410.1672760599902
-621.1409432770009,410.2824032273751
-619.645420811916,410.39459980985134
-618.14961882092,410.5039876569802
-616.6535378438213,410.6107381975664
-615.1573974608593,410.71493164566743
-613.6608675630905,410.8169180754361
-612.1643329383526,410.9170851109673
-610.6678471332423,411.0157986830188
-609.1711904300494,411.112893491107
-607.6743635476572,411.2082412900293
-606.1770931674914,411.30213429402863
-604.6800397225459,411.39467146884147
-603.1831486407582,411.48591246893756
-601.6860349388285,411.5758784003662
-600.188919142106,411.6650743479244
-598.6913603645435,411.75383774311416
-597.1941266075762,411.8423463675538
-595.696942648136,411.93092171362304
-594.199643675624,412.0193983398214
-592.7026145334399,412.10830206764115
-591.2052519033715,412.1979201682734
-589.7079940947392,412.288291078851
-588.2111694568772,412.37964380722656
-586.714118365086,412.4721086808494
-585.2170064745559,412.56613674180426
-583.7197236153391,412.6618875103941
-582.2232033955326,412.7595764064795
-580.7268427750255,412.859028386109
-579.2302583339073,412.9600946390713
-577.7337806241563,413.0628442013559
-576.2372454626377,413.16723116193646
-574.7413129511681,413.2730496165443
-573.2518615590718,413.3798444880469
-571.7516981245504,413.4887211080948
-570.253292628355,413.59869827078904
-568.7571949453805,413.7095097895244
-567.2616480047017,413.82138661836683
-565.7661023918732,413.93418989456075
-564.2705570299374,414.0478209348499
-562.7753412958036,414.16216665968943
-561.2800161805095,414.277068970688
-559.7848569573233,414.39242727953587
-558.2894232362171,414.507842933779
-556.7939898409902,414.62337335679405
-555.2985572756551,414.7387514634379
-553.8028514245758,414.8540677707151
-552.3074219096654,414.9694366855043
-550.8119940483933,415.0847479202578
-549.31673454358,415.1999199114246
-547.8212592130785,415.314874948711
-546.32545854289,415.42975516006965
-544.8302118016011,415.54442814670165
-543.3346404822543,415.6586795600703
-541.8391854937862,415.7724748878032
-540.3436834188144,415.8854207520439
-538.8478584191516,415.9975817662659
-537.3522031519848,416.1086035890921
-535.8563865248343,416.21843736364343
-534.3605726540841,416.32734812276254
-532.864705014186,416.43575312990157
-531.3685624179592,416.54412654475095
-529.8721977237607,416.65293396016165
-528.3763788374737,416.76276370405276
-526.8795673044401,416.8741597422515
-525.3811580572656,416.9868355689455
-523.8895564905134,417.09948447709036
-522.3934478278986,417.21231473590143
-520.8980516081176,417.3245993911056
-519.4052912536097,417.4358281628626
-517.9062674581709,417.54651744868534
-516.4099893442327,417.6559304145651
-514.9137654367692,417.7639871616197
-513.4177076837706,417.8710196473734
-511.9215704885065,417.9773253162391
-510.4253538805202,418.0831241460217
-508.92916880277255,418.18834879416704
-507.4326028578899,418.29293822942634
-505.9363705832677,418.3968707012119
-504.4401146058432,418.4999767854723
-502.94377864604644,418.6022100449808
-501.44733485042144,418.7034826038959
-499.95059013650615,418.80424996752924
-498.454037888942,418.90469058337675
-496.9575120233939,419.0050612785317
-495.461285539066,419.10536655302144
-493.96489163838817,419.20577273496116
-492.47283172969696,419.3060730218293
-490.9785987611199,419.40654731596857
-489.475162121578,419.5079184430898
-487.97894491523493,419.6089846539611
-486.4827266195886,419.710612158992
-484.9860964347085,419.8131474315363
-483.4901821911993,419.9168622387199
-481.99405165405847,420.0220263698062
-480.4981185081509,420.1293502023087
-479.0027475544839,420.23968210651304
-477.5065100052624,420.3533132144406
-476.01122211903333,420.47053486684433
-474.5163103579653,420.59166088763027
-473.02155982243823,420.7166108706922
-471.52747569833707,420.8461950087121
-470.03317638042,420.9805023789202
-468.5399023843022,421.1198766480992
-467.0518599857472,421.26410411331545
-465.5565065656912,421.41447773469855
-464.06346053755647,421.5702049541378
-462.5722282929081,421.7315989290326
-461.0817954040435,421.8985505912423
-459.5918874785246,422.0705231993035
-458.10254616309794,422.24723904193417
-456.6139036386598,422.4293681874537
-455.1255962462709,422.61724955331454
-453.6382283050482,422.81065206111896
-452.1493824731834,423.0101654053137
-450.6600995236411,423.21566087158885
-449.18113648230326,423.425368384863
-447.696785663861,423.6411608481108
-446.2132876720483,423.86213222088855
-444.730544174667,424.0877971565355
-443.2485661837698,424.3181911324291
-441.7672805568862,424.55308082341776
-440.2866105081194,424.79237087556
-438.80677996255645,425.0359843922487
-437.32767645043623,425.283738457246
-435.849350435851,425.5357397626722
-434.3715379558637,425.79164484778033
-432.8942000980673,426.051960064221
-431.4181518816058,426.3167677915874
-429.94286724307267,426.58637203268506
-428.4683267015589,426.8605260401343
-426.99477254318106,427.13900725762176
-425.52143491556205,427.4218894998475
-424.04933319737466,427.7086336976783
-422.57806633749533,427.99920310123883
-421.1075034040934,428.2933078615823
-419.6377146064937,428.590944489685
-418.1680302921788,428.8926398797547
-416.6998708217511,429.19775263774915
-415.2320377536397,429.5060639997233
-413.7650214536317,429.81791220074354
-412.2989606882819,430.1331940984941
-410.83317372323916,430.45215239768066
-409.36833742976887,430.7743567462096
-407.90440902440065,431.09989157233724
-406.44125448899973,431.4287998562954
-404.97882238356544,431.7614275230975
-403.51709466612755,432.09836789026156
-402.0566722975353,432.4394582920701
-400.5971490059403,432.7845588168663
-399.1385364548702,433.1341332343779
-397.68142944186934,433.4890579934022
-396.22559921136167,433.8491595319289
-394.77038297855125,434.21340885233
-393.3164334102107,434.58133214902705
-391.8636105772553,434.95354334546204
-390.4121385178,435.33028132111906
-388.96134909926684,435.7109165663815
-387.5112094556107,436.0946446481751
-386.0622707156873,436.48165480891515
-384.6143194948573,436.8724791251527
-383.1674892104821,437.26717989760385
-381.72145582723977,437.66512507589016
-380.276103677384,438.0664503439205
-378.83225397587813,438.4715502154347
-377.38913321748703,438.8805768768106
-375.9472719931279,439.29298551615324
-374.50633616716385,439.7085795992365
-373.0660393728601,440.1275622329886
-371.6271333283285,440.55005420609086
-370.18931445822415,440.976235325
-368.7524781615274,441.40560981963614
-367.31645889667556,441.837842967336
-365.8810009297621,442.2728830675617
-364.44662145390924,442.7106876312627
-363.01319945832097,443.1514056680112
-361.58075656677727,443.5951544094124
-360.14915199988116,444.04197603381743
-358.7181451756336,444.49263356468094
-357.28888374754837,444.9468810927684
-355.8611036885269,445.4054046200943
-354.43470168852616,445.86871410460105
-353.01005021235375,446.33742471967423
-351.5867443955531,446.8111095968478
-350.16576712307716,447.2901897024225
-348.7464855682231,447.77504273151015
-347.3291950376667,448.2649254457552
-345.9134333519657,448.75969981307594
-344.4994133272845,449.25956709773357
-343.0872406223867,449.76434753773646
-341.6768270017265,450.27443351684786
-340.2683110922593,450.7890886936782
-338.8615278710036,451.3084752326246
-337.4559497714353,451.83268607334804
-336.052535912952,452.36135632515334
-334.65147813315497,452.8954882166056
-333.252332756434,453.4349530796065
-331.85474826243126,453.9786371430913
-330.4581327679309,454.52595261149764
-329.06300655446057,455.0760991625821
-327.6685797836876,455.6276921905804
-326.27407270177883,456.1794406024609
-324.879237843929,456.73058735766347
-323.48390868212584,457.28105686764724
-322.08846477387567,457.83062130272674
-320.69261705150444,458.3788947879838
-319.29594572704036,458.92535760730664
-317.898483067347,459.4697507533383
-316.4998161134736,460.011464185211
-315.1001775219957,460.54989684098365
-313.69896112703816,461.0846820018056
-312.29607220365995,461.615204234764
-310.89135611344426,462.140021458402
-309.4838750950885,462.65903974539106
-308.0745112762165,463.1713811723888
-306.66266540578107,463.67727171316045
-305.24837016807874,464.176353448404
-303.83187222964943,464.6687867356536
-302.4126250381073,465.1544939052885
-300.991421695583,465.63321330538867
-299.5679156831113,466.10495603915956
-298.14218937136206,466.5703669591332
-296.714599357222,467.0299644623581
-295.28484900207127,467.4834295865178
-293.8532298004816,467.9299894417782
-292.4193417870559,468.3697235168203
-290.98334155207937,468.80278558279787
-289.5453226970859,469.2287147819855
-288.10472726108947,469.6470591567994
-286.6619164765123,470.05637437618657
-285.2167379527666,470.45696390785196
-283.7688294947214,470.8479769783361
-282.31835408678995,471.2284945637405
-280.86438196500626,471.59667370937984
-279.4075785366778,471.95301071177425
-277.9478260592707,472.29668740046833
-276.48529907382044,472.6284055120375
-275.0212252989826,472.94608474604155
-273.551097483633,473.25218403866177
-272.08016506471944,473.54664091697214
-270.6074436957588,473.8309353616533
-269.13283916161265,474.1051223584909
-267.6564677212124,474.36910289915414
-266.17842424166975,474.6222415203365
-264.6978086889712,474.8637589201672
-263.21537945837866,475.0901117511154
-261.7305230820795,475.30067877681597
-260.2436177902475,475.49671546721265
-258.7549408985376,475.6785977994714
-257.26421873877683,475.8470957449667
-255.77225096034857,476.00096002949994
-254.28479744667877,476.14143289973333
-252.7895297924108,476.2715144284549
-251.29057157112356,476.3883873463487
-249.79324742194095,476.4889195649888
-248.29514619974765,476.57270901910005
-246.79746317317517,476.6392263609907
-245.29869777158737,476.69070049935806
-243.79944422815674,476.727038655367
-242.29950879863577,476.75022910121913
-240.80003632872956,476.76191626812323
-239.30032363482076,476.7608036029672
-237.8006715224336,476.74650207055106
-236.30286294065618,476.71931907020075
-234.80583954205014,476.68025231388236
-233.29869280753795,476.62913923260567
-231.80518788766494,476.5667747383016
-230.30757693270013,476.4922324251485
-228.81036893697546,476.405149267204
-227.31360396450498,476.3061083329573
-225.81798851402584,476.19511459806546
-224.32332382940265,476.07211668670095
-222.82979462954313,475.93670669454946
-221.3370489199703,475.7892778080853
-219.84543895360554,475.62940875906065
-218.35544137870443,475.4577995047526
-216.86702523742855,475.27472016666434
-215.37993722412313,475.079943260719
-213.89059425458132,474.8729658602284
-212.40980460832176,474.65546294615444
-210.92846161739766,474.4261822589126
-209.44814512995777,474.1856734673537
-207.9696909823753,473.93395542421024
-206.49348294117698,473.670357917842
-205.01886694061514,473.39473616670006
-203.54671726398135,473.1079575076769
-202.0769931189761,472.8096158727745
-200.6095127222993,472.5000385146255
-199.1439536264006,472.17899350234336
-197.68047885390362,471.8458997646626
-196.22055792929075,471.5006814211172
-194.76384144031442,471.14374494566937
-193.30997636830807,470.77544824619656
-191.8589664356306,470.3959834940168
-190.41060632216949,470.0050661569543
-188.96578636424027,469.6032565619072
-187.52341050816648,469.19220274002794
-186.08322946672314,468.77333620703916
-184.64543967584515,468.3475392425867
-183.20909690505476,467.91515166323495
-181.776668378184,467.477891451484
-180.34724067861416,467.03657483808524
-178.90998319393304,466.58834376265867
-177.47945783060732,466.13857564101806
-176.049155741655,465.6868899412691
-174.61935737832064,465.23493291920374
-173.18918915262032,464.78327570282823
-171.75847028582794,464.3327261779885
-170.32743537828242,463.8849032937008
-168.89452036691853,463.4403177769469
-167.46047644343903,463.0003124002648
-166.02523230253786,462.5654352646683
-164.5883783684766,462.13641053469996
-163.15296667057854,461.71391330324104
-161.70909209831422,461.2963449062907
-160.26492963673766,460.88561134196993
-158.81987626627375,460.482578327801
-157.37291329177611,460.08748855498203
-155.9236389360035,459.7012493064877
-154.47748867243644,459.3257991331009
-153.02089887249195,458.958144540067
-151.5613027637401,458.6004128913343
-150.10198325358962,458.2540101550039
-148.64012175018775,457.91890796695895
-147.17512752940343,457.59597347682114
-145.70752579704595,457.2865532840677
-144.23699082767058,456.99192843859856
-142.76321478849817,456.71312687156603
-141.28639797752004,456.45091205459
-139.80670069957984,456.20646630996504
-138.3271332918988,455.98117982471547
-136.843170921022,455.7757561131521
-135.34967067782608,455.5896335746406
-133.85900986370808,455.4253503760516
-132.36619054516714,455.2821828710968
-130.87117213822515,455.1601122111345
-129.374755460204,455.05975773705586
-127.87706713665042,454.9807420271978
-126.37843596382642,454.92322084217665
-124.8793321522619,454.8874884369158
-123.37956990212594,454.87353479253517
-121.87993200901631,454.8812123653398
-120.38040268497767,454.90809060567466
-118.88145278376994,454.9552123252581
-117.3830434470287,455.02013987783664
-115.88544039073315,455.1083777514477
-114.3896192749255,455.2168180311519
-112.89535595363631,455.34440591901705
-111.40289855846606,455.4902499951483
-109.91220791992234,455.6558101950553
-108.42324612031388,455.84153392544954
-106.93851409206383,456.0475861612554
-105.45548011885477,456.27346775438184
-103.97631719629996,456.5208425893985
-102.50069982979706,456.7892977859607
-101.02932414200518,457.08156733392093
-99.56317140052082,457.3963710546348
-98.10179318035783,457.7325484261346
-96.64542682507091,458.0903273443706
-95.19450412355111,458.4699370809647
-93.7490619525904,458.871173952409
-92.30984011985912,459.2925380928755
-90.87710975784029,459.7351616947186
-89.45113085139478,460.1996959465605
-88.02923834051839,460.6834201075165
-86.61313893554737,461.185472319167
-85.21192391315444,461.70483054336484
-83.81156717345513,462.24485679178633
-82.41951280151832,462.80051556003906
-81.03393655498134,463.3745686861391
-79.65585237547936,463.96613451829865
-78.28564488740189,464.5752242255005
-76.92340397229961,465.2018458782377
-75.56876899004303,465.8453409939451
-74.22148272982535,466.50366732090737
-72.88185028430146,467.1779288963051
-71.54926655093728,467.86590550493315
-70.2244079083751,468.5683765983724
-68.9076896682158,469.28625376952823
-67.46564906107537,470.0882538466499
-66.16500560041015,470.8356540217551
-64.87118736935041,471.5939309136561
-63.58342983895524,472.36289718586005
-62.301343207925214,473.14102849877156
-61.0237097342408,473.9271587210705
-59.750064578497714,474.7203360897373
-58.48048984532285,475.51892723442086
-57.213690843240414,476.3222007206747
-55.9491982990287,477.1285580816224
-54.68596966622511,477.93659107321076
-53.42301249771589,478.74561278832704
-52.15994369157559,479.55488737377595
-50.90109520595359,480.3609387773971
-49.63500283871526,481.16899269202486
-48.366874878967195,481.97488470523126
-47.09906042608078,482.77565086702106
-45.82850670747634,483.5720567313944
-44.55434711538279,484.36298619149034
-43.27623999485362,485.14754340656674
-41.993792055200416,485.92526700115064
-40.70615814205027,486.6945682800918
-39.41627538167626,487.4516581658328
-38.11656284829375,488.19888011113716
-36.80489169960983,488.9353576330764
-35.488549708628895,489.65381918466073
-34.16214374308685,490.3542450009118
-32.960208547164,490.9682983456383
-31.613895309937426,491.6287142985724
-30.25652573809559,492.26585203881655
-28.887589665320437,492.877489257178
-27.50700131046722,493.46361678257284
-26.116166819644015,494.0241494158939
-24.715326115060222,494.5590464210829
-23.30517675120849,495.0690711416524
-21.886568551015127,495.55417313808977
-20.459192969131987,496.0154328973903
-19.024874493899105,496.4528823242505
-17.583722125478786,496.86663672352927
-16.135904319749393,497.2561709046517
-14.681851782308481,497.6217646515988
-13.222242510929117,497.96383593196856
-11.756898169700486,498.2825697935443
-10.286716523042966,498.57783300235997
-8.812519427884007,498.84989810108596
-7.334110141313247,499.09925033331854
-5.85198381241558,499.32570420712466
-4.366238471953182,499.5301701078186
-2.878139733867545,499.7132429304614
-1.386938037402657,499.8744014334517
0.11023042609523745,500.01221008735604
1.600936095602617,500.1255891157206
3.097252176489216,500.2148290070969
4.595292570242551,500.2813915204191
6.093364630820266,500.3247909786607
7.592557654197206,500.34364078611895
9.091790808020894,500.3412900674202
10.590848828868095,500.31313018742844
12.089320813410291,500.27067566738504
13.585994001061769,500.20279786529005
15.082974795433435,500.11468016217333
16.57891998869089,500.00519061877355
18.071549472178525,499.8647500151449
19.560951308916547,499.6972488309893
21.04750417048558,499.5035836537536
22.530744981320083,499.2854002573466
24.01083637935967,499.04707988278614
25.487647533874494,498.78663181224726
26.96029902332025,498.5027877538685
28.42832686279673,498.19785391300906
29.89134342666608,497.873200746619
31.351784835503317,497.52993943779853
32.807410552532254,497.1679908758482
34.25622296531672,496.784775178101
35.70154517438334,496.3827764025068
37.140489313832774,495.9615602121382
38.57295832514946,495.5186434502772
39.99754787853202,495.0487975277096
41.414061870966584,494.55282064125083
42.81966910072324,494.03493301700234
44.217166773072485,493.49278424440854
45.606208251151706,492.92621579003037
46.984638800136025,492.33599162553026
48.35298998503623,491.72234042798016
49.71078233672949,491.0861356167164
51.195149923887435,490.36645034690633
52.528917728974925,489.68149669873975
53.85167751855001,488.9747190379165
55.16305010426029,488.2473012257559
56.4634927164241,487.50031850542393
57.75361581042227,486.7359955500022
59.032947342125055,485.9535616600418
60.301010941549066,485.1525539477051
61.55678654146531,484.3325225469769
62.79981967515105,483.4936225198913
64.03103266125053,482.63719077457034
65.25025678203716,481.76370442189676
66.45753971183626,480.87361915903494
67.652538531286,479.9674655701836
68.8353876448553,479.04526828701097
70.00572281611181,478.1073603972802
71.1633276997201,477.1540100504558
72.30870068045212,476.1852745784358
73.44201028876324,475.2029129826937
74.56354679392392,474.2072676719117
75.67293309065138,473.19796036305684
76.77037687531052,472.1753849084091
77.85618757514662,471.14012250270565
78.93024049599153,470.09334515545976
79.9933204884781,469.03367387402056
81.04557006623654,467.9621248653902
82.08111436801609,466.88146468131873
83.10770699738897,465.7880108013076
84.12224793025658,464.6833421368057
85.12710571197954,463.5698936698442
86.12142051060661,462.4469296419262
87.10625540106129,461.3156746555373
88.08076342700579,460.1748669650279
89.13467816697286,458.9063777159273
90.09017256766913,457.7470323173908
91.03284139447602,456.5847047729715
91.96835977826022,455.4137188531438
92.89482514748701,454.2342941669574
93.8119739827034,453.0485337136761
94.72126424488447,451.85669007447876
95.62291664117409,450.65812410364373
96.51830607545988,449.4505231809926
97.40143934725904,448.2414137855816
98.27703898637543,447.0269347606972
99.14697291999123,445.80638168327033
100.01134370468509,444.5813621917374
100.87039340423023,443.3526075946233
101.72471943085236,442.1202723360422
102.57582377647279,440.8852228559549
103.42432595262191,439.6489645300157
104.27391109864513,438.40720563065264
105.12052126302513,437.16706943023735
105.96151298220461,435.9333514976096
106.80657865312958,434.69399154940106
107.65242531185483,433.455527700891
108.50004819448053,432.21810329831015
109.35001705027783,430.98210912959456
110.20281314339378,429.7483673530828
111.05974554932864,428.51708834519565
111.92178466710521,427.2896064264664
112.78950070798464,426.06605177594923
113.6619969653974,424.8458984464059
114.53886928847363,423.6289230680128
115.42107481604793,422.41316061905496
116.30476402263638,421.2036904918621
117.19316499813299,419.99493882931614
118.08508045783016,418.78919872371176
118.98083038310037,417.58618173105555
119.88057005899964,416.38585685958174
120.78385693844763,415.18839575802724
121.69108656650849,413.9939411500129
122.60212689607984,412.8024701863431
123.51828110938624,411.61475094322014
124.43792571897431,410.4295325725665
125.36064063367377,409.24718663300075
126.2870227696654,408.0676735830887
127.21779400872758,406.89145492423273
128.15305464953963,405.71864695899245
129.09293821012562,404.5492813988979
130.03786475123195,403.3844973366332
130.98809346313962,402.2238883851658
131.9450356736979,401.0645985211112
132.90780234404684,399.908894280759
133.86926010454823,398.76673920103855
134.84094457129743,397.6239461651064
135.81862951754232,396.4864745569995
136.80280551639515,395.35473783034695
137.79460119034502,394.2294548589661
138.79400908026759,393.1104170240747
139.80029723557433,391.9981480389958
140.81335161730019,390.89195492826497
141.83243984447734,389.79124466437645
142.85825755900234,388.69664708445106
143.89063814254362,387.6080672503143
144.93091595361304,386.52714886702677
145.97976412306156,385.454915310514
147.0373364468929,384.3912827580446
148.1033984051123,383.33639917100186
149.1782383286782,382.28975662768755
150.26106167818145,381.2516031346808
151.35239437748066,380.2225310803391
152.4513692893008,379.2018030751263
153.55817113859817,378.1895218652245
154.67319754316898,377.1859217860337
155.795580866002,376.19091885773895
156.92458238458647,375.2032933682464
158.0590277976035,374.22202275050194
159.19861437805352,373.2466987695161
160.34428649368473,372.2779253360277
161.4963101786828,371.31716665449744
162.6547452658172,370.3644002796518
163.81930473568073,369.418931040463
164.9918687578617,368.47862950756553
166.1659273556902,367.5489733979455
167.34696108154802,366.6250765627588
168.53437362767667,365.70847832031365
169.727211545847,364.799481733195
170.9255439548911,363.89734576752926
172.1295672204099,363.0020766927389
173.33874649368892,362.1144464627293
174.55334340902357,361.2346593670462
175.77322322135888,360.36240901687387
176.99858301992495,359.4974193224923
178.22941798335046,358.6397568406104
179.46505228085346,357.7897996086735
180.7059952190201,356.94723685196607
181.95245532254154,356.11265236499
183.20427103463985,355.2867970016251
184.46170324704042,354.4686783165149
185.7235984021361,353.6580329354771
186.98970538397077,352.8536847343397
188.25981825999497,352.055685271058
189.53412554197155,351.2645897933574
190.81282367659784,350.4806773901748
192.0959799290618,349.70337247218083
193.38280903139844,348.9325502022716
194.6731164209632,348.16761796260926
195.96663419709586,347.4084092546706
197.26331603887854,346.654570850089
198.56331596825493,345.90579016554074
199.86604594761678,345.1626225408741
201.17230442496765,344.42529075319766
202.48237225966955,343.69471857650956
203.79592543098926,342.97049012546427
205.11270440811396,342.2520329256658
206.4322343782291,341.53887384469704
207.7541499268409,340.83016711773104
209.07874762125476,340.12615771997474
210.40598278621687,339.42770818069954
211.7368796242023,338.73486005312725
213.06997159276835,338.0468006197266
214.40443804409495,337.36216855583257
215.74000709999171,336.6795981293106
217.076550621642,335.9988612471034
218.41442492360795,335.32028769824853
219.7534462927368,334.6440883358558
221.09359174920098,333.9700804063382
222.43452259791587,333.29816441825295
223.7765811501206,332.62803745879995
225.11983532610708,331.9595613857261
226.46342767879395,331.29266982869984
227.8075369706477,330.6271437356313
229.1525071023182,329.9627645454164
230.50612874868472,329.2958600226111
231.84943358957798,328.6356799175063
233.19121111649721,327.97802303456183
234.5386799937916,327.3192541599613
235.88675161614344,326.661775212446
237.23542631710802,326.00544967767576
238.584852175602,325.3501891490101
239.9344994682245,324.6964444208351
241.28486575792186,324.0441946585593
242.63612643603426,323.3932961277894
243.98817199375657,322.74363977280245
245.34111082095444,322.0950852747792
246.69425193873298,321.44792584061736
248.04817028219452,320.8021027507061
249.40267053145664,320.15763715935356
250.7578286141812,319.5145441898833
252.11390403366693,318.87257375025007
253.47022179508616,318.23216100774664
254.8272360114993,317.59306074430253
256.18481046817044,316.9553851933672
257.5430001178754,316.31896965209495
258.9019024058443,315.6837070588291
260.2613287088632,315.04974240912844
261.62128193933927,314.41708187573334
262.98184850678604,313.78570650045606
264.343011838502,313.15541957937353
265.7046401335825,312.5259583058383
267.0663784325348,311.89724494195525
268.42875262848906,311.269096043985
269.7910284737468,310.6417197327152
271.1535726303595,310.0149720371527
272.5166965079885,309.38862607174275
273.87952680716546,308.7629965869194
275.2429255199218,308.13775001217033
276.60655287860527,307.5130301120585
277.9701896306807,306.8888112108901
279.3344687036845,306.2648495057676
280.70408030728106,305.6387970447774
282.0725342336074,305.01352027314084
283.42768795833535,304.3945895493882
284.79187753134397,303.77152742819374
286.15673292836794,303.1482228839038
287.5208039857006,302.5252596194814
288.88501151277455,301.9020322308292
290.24903991406273,301.27842848882784
291.6132029895614,300.65444070885854
292.977378267351,300.030040755928
294.3412821649645,299.4053460110841
295.7051500523611,298.78038496455633
297.06863715124996,298.1554258090547
298.4320390132989,297.5304539435301
299.7958450695463,296.905183768905
301.1592833823564,296.2802956099031
302.5227054825561,295.6556949518704
303.88618747332293,295.03136801988336
305.2498635284307,294.4074728592789
306.61419458706973,293.7838866983687
307.8419716866791,293.2228973184859
309.20653155387305,292.6003637771986
310.5711898354807,291.9780743073255
311.936002983269,291.35584011654873
313.30091849064456,290.733721568238
314.6663786806174,290.111450389187
316.0314249995576,289.48949959733335
317.39638835336024,288.8676249530787
318.76102776558565,288.245867543006
320.2718919713147,287.55695780899924
321.4947801549084,287.00022563126487
322.8557677397935,286.3799764116261
324.22059517561013,285.75790277335096
325.58544890574046,285.13577165418354
326.9502467838539,284.51363853233175
328.3152095107828,283.8914505961062
329.6797871371507,283.26937126317034
331.0445616447607,282.6471371906149
332.4092599169246,282.02488906377266
333.77382579491274,281.40267914616965
335.1388626130166,280.78017586038027
336.50364464274276,280.15776589899366
337.86820042792397,279.53528681889105
339.2326917342829,278.9126771028221
340.59758453347615,278.2897973691247
341.9626043322793,277.6668127805023
343.32690028186335,277.0440542216633
344.6916804118273,276.4210263035459
346.056067222861,275.7980342148656
347.4200388647981,275.175035218892
348.7844504173109,274.5516526943898
350.14881299032766,273.9280359013984
351.5130232212304,273.3043362918105
352.8770873817946,272.68056750887735
354.24118521351835,272.0565149278998
355.60519677870093,271.4323764231012
356.96928889832077,270.8080191366384
358.3330216247109,270.18333217788523
359.6964483711566,269.55858694251606
361.05970586901526,268.93361737668226
362.4235335013643,268.30814407151615
363.78698938604947,267.68258889064555
365.15003779378543,267.05693372988486
366.5131101401053,266.4309687157038
367.876116692758,265.8046777803622
369.23896883444286,265.1780473126587
370.60167926273874,264.55104504973275
371.9641910485199,263.92372167011126
373.3260870251246,263.29631318544523
374.6881337538948,262.66829247162417
376.05046838906395,262.03965929122705
377.4122947003306,261.41082639075
378.77371889266,260.781786028734
380.13502561677984,260.1522578605847
381.4961641672057,259.52238843061775
382.8575218693003,258.8918268091792
384.2180564630322,258.26107055131445
385.5786171354704,257.6298951485052
386.9389029086157,256.9982756791116
388.29902452860864,256.36618664413237
389.65944819617516,255.7332283081525
391.0193771292567,255.0999357310146
392.3787286493381,254.46634957347044
393.7384271334676,253.83218878160454
395.0974358507037,253.19786660515885
396.4565523763348,252.56295967462992
397.8155280179228,251.92761593304684
399.17438910885204,251.29175064964727
400.5326396970536,250.65575884156203
401.8907935789756,250.01948623178055
403.2491071395854,249.38287001685933
404.6068111125007,248.74636299527742
405.96472965803787,248.10962231801037
407.32258906790855,247.47274620025829
408.6801658330035,246.83597397067413
410.03854176900916,246.19884746710792
411.396649919494,245.5618424959825
412.75468542509634,244.9248415364892
414.1125694398623,244.28794819262464
415.4706376406141,243.6510791145486
416.8289771195863,243.01418921749544
418.1869893301249,242.37763377712386
419.5448692560881,241.7412399765082
420.90319603638335,241.1046831708296
422.26125900276816,240.46835510951166
423.6199986975292,239.8316793662241
424.9784011480751,239.1951276456335
426.3362486555338,238.55895143604548
427.69472083564233,237.9226259392125
429.0534004032745,237.28615376601167
430.4115726522967,236.6498907407361
431.7699245963335,236.0135492693874
433.12826508467157,235.3772827741956
434.4869502073327,234.74082830768336
435.84542783267227,234.1044134015583
437.2036728084766,233.46812535825924
438.5623156607774,232.83164582893687
439.9205023310488,232.19536754053635
441.27888862233834,231.5589537645839
442.6374153818073,230.92229944051832
443.99550124684936,230.2856832642958
445.35342293750375,229.64899973702492
446.71151044916263,229.01213985394764
448.0697902583565,228.37512898677195
449.4274638713117,227.73830625645473
450.7854358061793,227.10117335489207
452.1439266273706,226.46370459056294
453.5015896577132,225.8264337452213
454.85930251537104,225.1890422384696
456.217146029364,224.5513894254714
457.57478927522476,223.91373341435926
458.93250994424216,223.27591582655788
460.29025406490194,222.63807602183698
461.6475811646713,222.00044530789734
463.0047624721344,221.36283791300843
464.3622064058158,220.7248617881233
465.7204640333336,220.08647944357833
467.0779966014896,219.44821133068663
468.4351051662313,218.809862946024
469.79228075392723,218.17104270143997
471.14916622203975,217.5319152320477
472.50617669782224,216.8922399748397
473.86290096170814,216.2522794807026
475.2195595297453,215.61176076189759
476.57549192109377,214.97103814942201
477.93138884520636,214.3298043380316
479.28758167379516,213.6878570821329
480.6430272612719,213.04574686764153
481.9981106998053,212.40328263462493
483.35329805715725,211.76013300887325
484.70812190703776,211.11648918990488
486.0629397249518,210.47224219855505
487.4175320088077,209.82766716638412
488.77165177817983,209.18264094443867
490.1255421285743,208.53730600856966
491.47942297852234,207.89130571451778
492.83310119904655,207.2448167782058
494.1860546379529,206.59808576727025
495.5390516059075,205.9507541034589
496.89209090598075,205.30272316529613
498.24473480984807,204.6541476344787
499.59717472683315,204.00498454181593
500.94929973928276,203.35539648811695
502.3009143394524,202.70541790908263
503.6520498683094,202.0549607831301
505.0033941334795,201.40376661885097
506.3548652554431,200.75187770368098
507.70563787207885,200.09986793718792
509.05617423083424,199.44738428159266
510.4066961323869,198.79451347485994
511.7567914155197,198.14148862872878
513.1074213612751,197.48791145658092
514.4573700257043,196.83446688455587
515.8073552590077,196.1809567240193
517.1571607322321,195.52727818104196
518.507557291768,194.87327021667946
519.8575005913999,194.2193709619476
521.2071549256841,193.56545580256082
522.5571307532609,192.91120802073647
523.9070512406006,192.2568769958617
525.2565415793573,191.6027162989434
526.6062335700096,190.94849466156552
527.9560273930737,190.29417816482578
529.3059267911146,189.63995329352218
530.6554949596479,188.9858669281836
532.0054025102312,188.33181962303613
533.3552938139304,187.6779631766545
534.704982024287,187.02427890752048
536.0551267383347,186.3704656097848
537.4052473299807,185.71673070476115
538.755338104022,185.0633152774757
540.1058822355185,184.4098254502831
541.4559448539735,183.75664386870304
542.8060178358336,183.10354580926426
544.1562796120835,182.45042342782642
545.5062624731532,181.79723066922438
546.8566777907663,181.14364600843052
548.2066474737514,180.48995975354148
549.5562986356648,179.8359619890958
550.9059037242286,179.1815110746244
552.2553991428822,178.52673970669983
553.6045039372417,177.87151084229637
554.9535921488844,177.2156372068242
556.3017470679084,176.55943516392364
557.6501645129057,175.90235538294075
558.998511393134,175.24465121609973
560.3459062004134,174.58660543711056
561.6931608229805,173.92772503136447
563.0402802823619,173.26806213419303
564.3870952946713,172.60762085260555
565.7333260778173,171.9466099315016
567.0793779789218,171.2847639307029
568.4249323185925,170.6222028346264
569.7698256776742,169.9591495777362
571.1148258368995,169.29527208872275
572.4595874266768,168.63067445255723
573.8038309441591,167.9659237522553
575.1479452252364,167.3004253808475
576.4917599079922,166.63456623321687
577.8355201543425,165.96784545250728
579.1785447153981,165.30087739291918
580.5217301368405,164.6333430696488
581.8646750067846,163.96546948446917
583.2072080680047,163.29711776282988
584.5497508826804,162.62813142623497
585.8921959523946,161.9585610058921
587.2341573911151,161.28870734190423
588.5761606977499,160.6181947354035
589.9176651627196,159.94703036123465
591.2584269195374,159.27527673793094
592.5988778977185,158.60278303659499
593.9392107102801,157.92938758868215
595.2795587113932,157.25516945514372
596.6190353420167,156.58075387224213
597.9582552883132,155.90580438037858
599.2970595727771,155.23046997484155
600.6356820957358,154.55437138895516
601.9744714579276,153.87754038094013
603.3129434312214,153.20035343015562
604.6509973722733,152.52326761630317
605.9889083239693,151.8460640337407
607.3273083569985,151.16846587632068
608.6654924136046,150.49092976154742
610.0034145972844,149.8136238805311
611.3413961646654,149.13621658051125
612.6794854205257,148.4587090250622
614.0175186289415,147.78121308612353
615.3557165859522,147.1035797302177
616.6934816680323,146.4262747091282
618.031415014211,145.74897626990713
619.3696238854208,145.07180307138708
620.7076661586341,144.39496977460115
622.0459789325714,143.71825218685274
623.3844597728486,143.04169186741467
624.7232727866336,142.36515018264416
626.061922833353,141.68880422675574
627.4004318725387,141.01266822062283
628.7394548340695,140.33632214356638
630.0778434567527,139.66040782267297
631.4165397862137,138.98422678978483
632.7553839061736,138.30814549164273
634.0942588785169,137.63193080529092
635.4332785632403,136.95579641657355
636.7723425139789,136.27966426578556
638.1111427708037,135.60372706211254
639.449662702674,134.92787075553534
640.7882891889058,134.2520313463962
642.1278036649277,133.57580716214744
643.4665676085552,132.89999956025596
644.805105265006,132.22403845246166
646.1441260277553,131.54769506380043
647.4830803156804,130.87121621638784
648.8218479446904,130.19452704087388
650.1604127110703,129.5175685722471
651.4986049853087,128.84034514113048
652.8364184871015,128.16284452116847
654.1743896853216,127.4848082193845
655.5126257547367,126.8061142750378
656.8500800647636,126.12711404515888
658.1869035264722,125.44756080287466
659.5238079847622,124.76700388693031
660.8596448778584,124.08567964960969
662.1955133218893,123.40297107779091
663.5303526630955,122.71930542425915
664.864775472293,122.03438992798588
666.1983438299603,121.34838553655138
667.5318801356484,120.66090473325221
668.8644410660349,119.97208038359372
670.1959876970787,119.28228675474436
671.5271779896622,118.59104088372882
672.8580056333185,117.89837874301122
674.1876403933902,117.2045424698563
675.5165857512427,116.50886296577427
676.8446205317904,115.8108637151479
678.1706340363097,115.11078949366227
679.495391912201,114.40800913055399
680.8191201793082,113.70242490919901
682.1415414543698,112.99425144177218
683.4625745671376,112.28364501007862
684.7820071474883,111.5708602584712
686.100396189226,110.85569219855893
687.4174660885446,110.13840696771186
688.7332732476755,109.41867074697116
690.0481737855324,108.69630068284434
691.3615093170866,107.9718272903277
692.6742021314998,107.24527056156262
693.9852233742721,106.51722282832101
695.2956486327538,105.78727732147877
696.6050350869222,105.05546257608478
697.9130197605971,104.32179347201854
699.2203059621771,103.58578481424392
700.5260967510901,102.84824922402754
701.8313247064104,102.10915749407481
703.1315526145111,101.3710841976625
704.4383536116658,100.62725941041354
705.7428918438367,99.88253248602103
707.0446629289469,99.13715393320972
708.3450916209415,98.39031438031785
709.6454131725025,97.64217348060137
710.9451327554507,96.89337633340958
712.2442805566502,96.14385956351545
713.5362091758133,95.39721433420907
714.8325001553724,94.64689513043457
716.1384858536292,93.88982610802144
717.4350804098829,93.13708885351568
718.7316457669413,92.38355422552762
720.0277120716253,91.62965607455389
721.3237805128024,90.8749255908348
722.6186578893646,90.11978944564062
723.9102662915841,89.3649555722369
725.2074568730121,88.6054717799743
726.5015579862992,87.84658324181892
727.7949268700713,87.08661318524302
729.0871802406896,86.3248976970412
730.3735396438522,85.56441784596942
731.6676843786825,84.7975747354403
732.9593029895678,84.03092513320006
734.2491021840647,83.26442895000658
735.5318036465497,82.50124330538206
736.8228467834736,81.7312008811329
738.1135842866047,80.95982177124716
739.4003933723116,80.18998764123128
740.6814047953291,79.42288376461025
741.9694877518577,78.65125370771172
743.260138425956,77.87738528198874
744.5408784448801,77.10798587299364
745.8248428613259,76.33437740450064
747.1126997500786,75.55557588342764
748.3908246530605,74.7792215087322
749.66903809351,73.99913472016122
750.9521827402268,73.21206660801893
752.2256384306785,72.42677443195622
753.4973699621517,71.63834837310121
754.7753746170143,70.84220552579454
756.0462912995303,70.04757467890062
757.3159648259915,69.2513340676544
758.5848862981146,68.45336181053015
759.8526103991156,67.65428701874451
761.1180506517736,66.85492728506995
762.387758970754,66.0506315858582
763.6538688492061,65.24674499903449
764.918537809175,64.44168623857571
766.1830034208161,63.63484155193648
767.4467129850918,62.827078109865866
768.7100251584545,62.01866833347698
769.9728602471133,61.209705381254665
771.2356103952877,60.40045040580607
772.4977857142599,59.5908149358456
773.7563149035064,58.7823457582967
775.0193520537282,57.969352947312416
776.2803113363678,57.15557609940863
777.5391729195396,56.341219474492654
778.7972916899735,55.525150116790755
780.0541806144776,54.70657155537732
781.3091327790959,53.88574144562635
782.5619980214118,53.06277701560747
783.8132166895201,52.23717468562221
785.0631096390817,51.40877723111995
786.3108558270385,50.577512042638666
787.55668612751,49.74257288499649
788.7994926050886,48.90348891035037
790.038605177864,48.059542791699464
791.27423675927,47.21064109620082
792.5092411417237,46.35462786403418
793.7397693968883,45.49345923184396
794.9592023072369,44.63042059905506
796.1786318982965,43.75791340718898
797.3935929640433,42.8788888109932
798.6034134013339,41.99328054484531
799.8083578628239,41.100469839378086
801.0086053426301,40.19978814873562
802.2044922879167,39.29004716747387
803.3880877495396,38.37697689776656
804.5689608296848,37.452915438572575
805.7433181211453,36.5200843423712
806.9101611272214,35.57827563145055
808.0688988782347,34.62665277588872
809.2191015662235,33.664485919265026
810.3610542287438,32.691463978981744
811.492539984422,31.708611836633093
812.6151226985705,30.71494251297809
813.7279752531765,29.71051402558855
814.8309263431097,28.69568204386747
815.9233103856913,27.668798006000795
817.0047319132798,26.630307359626322
818.0746702912279,25.580037325759257
819.1333420879578,24.518547394070985
820.1780390456988,23.443350707266006
821.2139685566243,22.350703685201402
822.2290604798842,21.250467654286272
823.2279578195199,20.137180711790638
824.2145599630758,19.00818508808695
825.1857525057882,17.865857691152854
826.1416231808062,16.71100788178354
827.082725437044,15.543732047660614
828.0079253534633,14.36396346588455
828.917263806821,13.171981591029974
829.8106217920676,11.968191794616601
830.6881672387756,10.752555027096228
831.5498133487187,9.525242759209908
832.3951104105516,8.28716781572154
833.2242936596417,7.038156028656542
834.0369011901956,5.7784257276327
834.8331467191731,4.508105659133527
835.6115405954682,3.226686186684297
836.3723117355579,1.9352323731243135
837.1170896568655,0.6342838028043948
837.8438837046334,-0.6767501660097549
838.5520700515034,-1.9982534860855097
839.2404246257306,-3.3301795114085486
839.9101099561414,-4.670987715518947
840.5629172346711,-6.020563649457506
841.1957326975572,-7.37912407511002
841.8097089621447,-8.74637626274979
842.4049365744386,-10.122338622170036
842.9811614965241,-11.505920742569504
843.537358546453,-12.897827566863395
844.0736361124988,-14.297502444459857
844.5898876112986,-15.704946614858157
845.0857213948245,-17.119755352333858
845.5609982297723,-18.541403310835225
846.0147718333377,-19.969738659092126
846.4486955317341,-21.404251025928183
846.8634047330786,-22.84448520505533
847.259160128746,-24.29040412929648
847.6353362691686,-25.741051786574346
847.9924617619798,-27.196507454334004
848.3288807802066,-28.65049087669833
848.6462214898324,-30.117115112511566
848.943753684253,-31.59101521935048
849.2204634020097,-33.06417380081779
849.4777868385382,-34.540765325458366
849.7143720420087,-36.02052839426493
849.9292476722139,-37.50358588851935
850.122548178907,-38.990207372559894
850.2928920084621,-40.479019213412876
850.4436670532111,-41.96979345316972
850.5733669855786,-43.46302192842511
850.6826963823439,-44.957870828808126
850.7705027213661,-46.45388539731973
850.8364914435704,-47.95099645335627
850.8799325323246,-49.449120443061425
850.9020220786093,-50.94692919183014
850.9016791580543,-52.44248624149444
850.88011818696,-53.945146929439396
850.8329230182551,-55.44314437366623
850.7632398237222,-56.940034349333786
850.6706568173441,-58.436010072855275
850.5570561532745,-59.93042084475934
850.4222341968734,-61.422905780475844
850.2649381368263,-62.913500964580365
850.0875416204287,-64.40186462763694
849.8923085513678,-65.88819192274862
849.6770287846732,-67.37140130145785
849.4394953899687,-68.85120015558431
849.1794421012419,-70.32744854890618
848.8957398623818,-71.79931283990308
848.5879604197328,-73.266464144787
848.2577332672859,-74.73346248683326
847.9086363619734,-76.19162757615808
847.539325536618,-77.639250417062
847.1480184176581,-79.08620804513058
846.7368630576844,-80.52774487377745
846.3058762376859,-81.9634733238019
845.8560726422309,-83.39344040098564
845.3874533843235,-84.81760629529036
844.8996596673472,-86.2350412905097
844.3937123492659,-87.64617045364243
843.8695645735381,-89.0507842152498
843.3267802518408,-90.44845016622003
842.765740302428,-91.83894306345171
842.1864550012926,-93.22130713414904
841.5880376454118,-94.59585004301054
840.9706797842335,-95.96174622643731
840.3334745485049,-97.31884456643967
839.6767643467138,-98.66685457232504
839.0005991100857,-100.00436382039568
838.3044920976841,-101.3322588256343
837.5890413553285,-102.64995804456863
836.8539413140539,-103.95661491346878
836.0980417129687,-105.25193918545057
835.322573859561,-106.53479735181729
834.5267579480839,-107.80559093451114
833.7114131458686,-109.06403679205903
832.8765715951295,-110.3093301565408
832.0227082212994,-111.54197711529889
831.1509146224256,-112.76187924788243
830.2623116876367,-113.96929413153876
829.3568782127178,-115.16430995150418
828.4352721210994,-116.34698343624129
827.497758453452,-117.51740099199998
826.5453514376975,-118.67552312382168
825.578620948743,-119.82157089338294
824.5978787393677,-120.9555152622881
823.6032946122793,-122.07748417213567
822.594882460812,-123.18712771252123
821.5738631114452,-124.28504915363786
820.5404138367036,-125.37083090198747
819.49417951575,-126.44498985998709
818.4351448536637,-127.50638134591193
817.3637736042739,-128.55557633695184
816.280937701214,-129.59271283002664
815.1871857439479,-130.61833003201474
814.0829195672823,-131.63272398724348
812.9688360914433,-132.63604162394697
811.8445784312219,-133.6286295451823
810.7107159572994,-134.61006159757142
809.5675748465295,-135.58034138565523
808.4152106164586,-136.5395804274065
807.2538713763108,-137.4878193780364
806.0829954317958,-138.4248562001019
804.9025411599853,-139.3497023675906
803.7126596470404,-140.2621036777682
802.5137503377223,-141.16227963096782
801.305901021849,-142.05099729811715
800.0888031560783,-142.9274563398244
798.8629790077466,-143.79126873470446
797.6274038487575,-144.64211471303298
796.3840629446725,-145.47887308502152
795.1316595524693,-146.3028712818553
793.8698182465571,-147.11368485497962
792.5996844927467,-147.9105982617749
791.3216801382567,-148.69481584544855
790.0355381969516,-149.46572610482713
788.7421796225112,-150.22361836230294
787.4408259150001,-150.9691582608194
786.1326714987417,-151.70129962194642
784.8187758737381,-152.4236800011065
783.5011020648071,-153.1393201885468
782.179260211739,-153.84774626628703
780.8532564622192,-154.54871647026968
779.5240727229016,-155.2425194304132
778.1919800494868,-155.93042926332566
776.8567249085746,-156.6123719204583
775.5195215256215,-157.29055621457547
774.181631607179,-157.9673727243805
772.8433506090074,-158.64431346684188
771.5058487218214,-159.3216859578206
770.1691111103721,-160.0003940178684
768.8336171128058,-160.68153404966972
767.499605441905,-161.36627163634103
766.1676854567128,-162.0545606989985
764.8376685817741,-162.74578608663745
763.5095938274942,-163.44096693885865
762.1838429568805,-164.1403801219602
760.8607569010658,-164.8447782221326
759.5397657264963,-165.55411384684732
758.2210363656568,-166.26746344415415
756.9048997417283,-166.98504708644157
755.5912285635177,-167.7070944424297
754.2757191954267,-168.43561128230084
752.9637147916264,-169.16674770080886
751.661932353428,-169.89669071639
750.3564770348847,-170.63398126980363
749.0533708819892,-171.3751041116035
747.7526907795976,-172.1199837120726
746.45326838186,-172.86865942462896
745.1558392666653,-173.6193682334937
743.8594628649522,-174.3725629652676
742.5637231599751,-175.12716763886095
741.2682203188713,-175.88348350380042
739.9756767415404,-176.6405343339612
738.6833914712919,-177.3999232505378
737.3925116278815,-178.16082761515443
736.1025272162285,-178.92316551415092
734.8135324335401,-179.68707505162973
733.5251642515395,-180.45229548692555
732.2375930751957,-181.21853276472874
730.950575179904,-181.98565186108888
729.6570587533965,-182.7577071415791
728.3738201354844,-183.5245802667112
727.0910031769662,-184.29232258828745
725.8056292573519,-185.06253965983205
724.5206252412626,-185.83377256864296
723.2363511362173,-186.60602350410556
721.9528700467641,-187.3796031215426
720.6699243714288,-188.1548225123539
719.388163468973,-188.93129539369517
718.1074135387153,-189.70925471325666
716.8275860625865,-190.48889451985207
715.5462519396326,-191.27164643054684
714.2642842623654,-192.0570694547799
712.9934369812731,-192.83807340219346
711.7175119589398,-193.6244314669229
710.442634362837,-194.41247918044746
709.1687739134387,-195.20204948552464
707.8952001333228,-195.99361648897244
706.6228576379203,-196.78668289166018
705.3517128503905,-197.58146923756718
704.0818486389184,-198.378165062476
702.8138496912184,-199.17727258202734
701.54692075573,-199.9793495475795
700.2827143820634,-200.78386855808975
699.020004556397,-201.59162431549345
697.7591503403631,-202.40264216578595
696.500493060903,-203.21672651983764
695.2365402014714,-204.03880819991198
693.9825347422111,-204.85925056899248
692.7370691836179,-205.6793812338363
691.487513796046,-206.50764450022268
690.2403264399941,-207.33985038067178
688.9952167735088,-208.1756713943018
687.7522502376539,-209.0143985487346
686.5111496366269,-209.85589769469465
685.2718656079882,-210.69993815769493
684.0342709805052,-211.54663747756135
682.798374738424,-212.3961091775836
681.5644794917306,-213.24825995973282
680.332451417185,-214.1029593609072
679.1020444136847,-214.9600691280265
677.873019197605,-215.8193923402406
676.6453942021694,-216.68129857155853
675.4201023128616,-217.5454019070833
674.1969122318158,-218.4122762789366
672.9751949453963,-219.2820646689533
671.7551899035097,-220.15408464699038
670.5362570499201,-221.0281194890212
669.3190320437594,-221.90380497717047
668.1032948911087,-222.7816753959493
666.8892640333198,-223.6618377954826
665.6768822113154,-224.5444525492525
664.4662114263781,-225.42956857793882
663.2573102976247,-226.31701084544795
662.0506402649457,-227.20733179248248
660.8462964963298,-228.10083552582438
659.6441031877791,-228.99751430058066
658.4514065000454,-229.8918733121244
657.2516480246311,-230.79694077653295
656.0520979159044,-231.70725408955863
654.8605586236325,-232.61744696553947
653.6723450972644,-233.53165487274254
652.4870406224251,-234.45010642907408
651.3046441629026,-235.37297915843487
650.1257439133939,-236.30010186572605
648.9530145648753,-237.2296965778406
647.7857900840817,-238.16318533102321
646.6125956788087,-239.1100681106454
645.4504136035405,-240.05721626020744
644.2925315555336,-241.0095363708303
643.1389404889351,-241.96702085384106
641.9892673450953,-242.92966265763246
640.8440601193507,-243.89833075643278
639.7038927313333,-244.8727526334593
638.569155627513,-245.85333157887695
637.4419415389037,-246.83634098241026
636.3137038697494,-247.8288747489505
635.190906766297,-248.82466804849693
634.0735807299379,-249.82517295562917
632.9615171512596,-250.8308581379741
631.853750060035,-251.84145121528536
630.7503425789129,-252.85679440075418
629.6515712032949,-253.87712731700842
628.5578856952345,-254.90292924083778
627.4741261149004,-255.9286448438273
626.3877540840076,-256.96490542371754
625.3027224434389,-258.0071169692441
624.2243451856291,-259.0489667031408
623.1478753897453,-260.09319142902825
622.0734969029745,-261.13912717720746
621.0010256332762,-262.1867826167061
619.9299096792362,-263.2362354504486
618.8605166799304,-264.287057280255
617.7918122142355,-265.339373186122
616.7238052340122,-266.39212262112943
615.6563741597084,-267.4450709892991
614.5889247109133,-268.4981689955049
613.5209953338676,-269.55103360881986
612.4522730445175,-270.6029632802717
611.3827369142563,-271.65390626473106
610.31417157046,-272.7014421564165
609.2398813715403,-273.7522756026013
608.1668476445069,-274.79973435586857
607.091886566799,-275.84582259681935
606.0153356207742,-276.8899378261048
604.9372545796192,-277.9318617014155
603.857288392056,-278.9722036702666
602.7755886393658,-280.01068161015036
601.6922733811844,-281.047587598907
600.6074200373536,-282.0827357667462
599.5207425688561,-283.11609111929295
598.432188005418,-284.14750870466
597.341682914919,-285.1770955462406
596.2491219276918,-286.2045209155642
595.1550151314455,-287.2298888476337
594.0635906264828,-288.24917087152426
592.9647135674874,-289.2714060676591
591.8615492572128,-290.2937699763831
590.7602399890907,-291.31163822060483
589.6579121415132,-292.32818755407203
588.554605775776,-293.3436546583143
587.450903887543,-294.35811581154826
586.3468474458213,-295.37272977126815
585.2430692508626,-296.3880767682635
584.139920568877,-297.40361768309555
583.0369193483283,-298.4192415404046
581.9339089390043,-299.4350036890006
580.8310933794928,-300.45038922695943
579.7298413400931,-301.4642944645157
578.623847295421,-302.48236205877447
577.5227854112308,-303.49564452239366
576.41763980902,-304.51251127026967
575.3143281777142,-305.52715112783085
574.2100605500268,-306.541907875935
573.1018438737993,-307.5595519772807
572.0181251546629,-308.5507325857213
570.9041019631,-309.5657316024096
569.7910097511436,-310.5771278444658
568.6782095211018,-311.5853618637172
567.5639894850899,-312.5922037559126
566.448117840078,-313.59900055617726
565.3323545914859,-314.6059230151336
564.2181681838398,-315.6118499582983
563.10505225491,-316.61861846943
561.9914332820786,-317.6293198817724
560.8799920531536,-318.6427688833465
559.7840862020255,-319.64865109467826
558.6803081870246,-320.6612589666164
557.5641125344277,-321.6709583083853
556.4444670475024,-322.6685768065646
555.3227002124082,-323.66237867728654
554.2024914007006,-324.6579965754355
553.0885687228899,-325.660903137448
551.98651327185,-326.67661416028665
550.9009646746377,-327.71019447698444
549.8378725839589,-328.7662917458448
548.8020166298868,-329.8499244281074
547.7983520355684,-330.96484203543747
546.8253494293689,-332.1059738768096
545.86844414466,-333.25880434582535
544.9247214722607,-334.4245384833592
543.9996755972392,-335.60511915525257
543.0965283579816,-336.80221874661436
542.2194543195218,-338.01884664822444
541.3724490523933,-339.2563061831982
540.5605249504873,-340.5168476273122
539.8613550286123,-341.67071420446064
539.1311864167194,-342.9805254482778
538.4533162837488,-344.31763889221094
537.832649736417,-345.68253483621635
537.2502607913495,-347.0638147623736
536.7041266697943,-348.46042072500205
536.1981237264627,-349.87159713500364
535.7359580130554,-351.2980540203478
535.3220028428512,-352.7396642514558
534.960704755127,-354.19490370215306
534.6581453281524,-355.663514435304
534.4196033263145,-357.143597240123
534.2520880228617,-358.63322824224616
534.1615737993652,-360.1324784439329
534.1545138900716,-361.63175422682394
534.2266127104872,-363.1249086482039
534.3731036667702,-364.61391242130713
534.5901506564563,-366.09495992807973
534.8726625696567,-367.56525206549327
535.2150898637315,-369.02267258478327
535.6110145694194,-370.4667752905479
536.0536389572258,-371.89683835831715
536.5373225816239,-373.3134835277528
537.0561399893539,-374.71832309221224
537.6065666354634,-376.1143924703587
538.2353157034747,-377.6532123206785
538.8440842165322,-379.0270835161244
539.4845417377825,-380.35399539185096
540.1760392980619,-381.6883409767837
540.8960263670967,-383.0081479209106
541.6384126159844,-384.31587416203223
542.3970063317795,-385.6088209781527
543.1712805992377,-386.8937662174237
543.9599741361933,-388.1721437209889
544.7594140710767,-389.4431489152393
545.5676348683943,-390.7064347232137
546.3822236636407,-391.96288927150977
547.2012073256395,-393.21515594217186
548.0250721253493,-394.4703951842208
548.8446355756623,-395.7220901345077
549.6664143844558,-396.991381413367
550.4412048550844,-398.2131715139917
551.1977492628389,-399.5397800321227
551.9159792184926,-400.8700299928003
552.5979392867471,-402.20273376434085
553.249456570014,-403.5521038212272
553.8678212396791,-404.9176600200476
554.4510252830055,-406.29869681670124
554.9970674661768,-407.6957676878396
555.5083211370563,-409.1052740267171
555.9811378497841,-410.5280102851206
556.4105940659488,-411.9645025267427
556.7945871238759,-413.41380923937885
557.1362459478668,-414.8740230180925
557.4383511305059,-416.3426098728791
557.7045499258858,-417.8215486208214
557.9362498794051,-419.302474805944
558.1268883404058,-420.78611192750765
558.2779301497128,-422.27819129272996
558.3873142750035,-423.7735280570194
558.4599266169643,-425.271200028583
558.4992264909322,-426.7699720701618
558.5007784898896,-428.26954597131294
558.4557904094743,-429.7684920263748
558.3544815346035,-431.2643557309733
558.2010020796761,-432.75571975978073
557.9984574040955,-434.24113639486364
557.7490704048131,-435.71944490482576
557.4547592984802,-437.18951887569807
557.1170941413126,-438.6520231004615
556.7396114998642,-440.10552299372495
556.3263069627355,-441.5428627557576
555.8772698292665,-442.9732522185354
555.3933682112973,-444.3923595509694
554.8739166541909,-445.79899175679475
554.3184841960851,-447.19205990651244
553.7277426774185,-448.5721385443672
553.104486487546,-449.9330915424013
552.4466393133204,-451.28020024511903
551.7561244485171,-452.61122607573554
551.0333139181289,-453.92488180679936
550.281057150572,-455.2214303616309
549.494430095605,-456.49780501323426
548.6888820057845,-457.7618044685276
547.852753623777,-459.00958030899824
546.9945811384264,-460.2365019050003
546.1141304006256,-461.4496446602366
545.2110098243229,-462.64653809623053
544.2865090157059,-463.82660205460763
543.340421236812,-464.98973645096237
542.3732500643536,-466.1352460815498
541.3860953856768,-467.2637977081322
540.3789844046581,-468.3746524654707
539.348630758526,-469.4702060110474
538.304695003481,-470.5429350371274
537.2439010254459,-471.5993594813369
536.1669186647649,-472.6424898742199
535.0765076978109,-473.6718866340832
533.9734113786691,-474.687587740291
532.8578673420246,-475.6897420007774
531.7306282952754,-476.6784847545921
530.5920778759674,-477.6540328929585
529.4423099419189,-478.6162167692979
528.2817869750893,-479.5655683575582
527.1079208681967,-480.50474080250376
525.9263104630586,-481.4295679076231
524.7387836567314,-482.33698370697135
523.535903271158,-483.23195617802577
522.32233451508,-484.1127813637209
521.0990579303742,-484.98053315073815
519.8657193275216,-485.83315023014734
518.6210401406928,-486.6691860934383
517.3661332730674,-487.4899590549345
516.0880207346922,-488.3065986797494
514.7889348940888,-489.08717715335405
513.4971618248865,-489.77180875504416
512.1888603607833,-490.4898285818841
510.8763612595741,-491.21240485920544
509.55981766876846,-491.9340682906536
508.23979110041614,-492.6518595304083
506.91616649586854,-493.3637246611615
505.58900845828356,-494.0680683873818
504.2614998853522,-494.7619058386789
502.92672007950927,-495.4465382108924
501.58493973383406,-496.12041959332714
500.23701062143454,-496.7813125279562
498.8829392619532,-497.4269406114167
497.52264941370856,-498.0546287491906
496.14928310696547,-498.66358555406947
494.76269885370834,-499.24842171929174
493.3674976207558,-499.7999964004253
491.9708331416407,-500.3293256481264
490.5670864911403,-500.8484953430987
489.156782521077,-501.35691252901705
487.74153400997045,-501.8521808028323
486.32159859506413,-502.33215678847625
484.8961456162538,-502.7958128531138
483.4648420394346,-503.2417584946186
482.0276726355472,-503.6686719693298
480.5847041323522,-504.0758111802576
479.13632375767173,-504.46238169204645
477.6823839251966,-504.82774132328655
476.22315989635547,-505.17135544417914
474.7591541386579,-505.49288134102255
473.2899443580883,-505.79227957140444
471.8162273417116,-506.06955711415475
470.3336505185008,-506.3254985206537
468.84546326526356,-506.5605434859096
467.3679634306752,-506.7733376808525
465.8855759492164,-506.97122611797863
464.3973820351634,-507.154974534457
462.90708773815305,-507.32453562454276
461.4153319715638,-507.48054192619855
459.92218253655466,-507.6234308964444
458.42723447246794,-507.75350877285064
456.93164622331534,-507.871000208033
455.4357996622829,-507.9758365802517
453.9391981557073,-508.0681460912204
452.4417309274148,-508.1476636740831
450.94337024280395,-508.21444170943846
449.44416994240567,-508.2682913504612
447.9446194485203,-508.3089060426535
446.44490369991235,-508.3357650885587
444.9450983729964,-508.34852362840746
443.4451960534241,-508.34647883493056
441.94520906449833,-508.32899006818366
440.44588788418525,-508.29550522938797
438.94680370086155,-508.244904534131
437.45072236613294,-508.1759752636393
435.95842261856245,-508.0872656442173
434.45911047180607,-507.9797441888571
432.9623464424311,-507.85791061708557
431.46922775203313,-507.7207441980995
429.97783894299005,-507.56703833431106
428.4880325749681,-507.3959935828777
427.0005207269777,-507.20687840864167
425.51539949052136,-506.998954550755
424.0332585830626,-506.7718619185847
422.5538589243891,-506.5248426977572
421.0784809337559,-506.2581317116242
419.6058931054103,-505.9709421633457
418.1383571054588,-505.6633882053875
416.6750758937884,-505.3352857840911
415.216489201771,-504.98686691389315
413.7628716063759,-504.6184487446865
412.31432945214146,-504.2304742759809
410.87136762015757,-503.823516082594
409.433694866248,-503.3979117397418
407.99623431872135,-502.95292879939103
406.56105336114746,-502.4898072757074
405.14579428186016,-502.0126052459012
403.738229300757,-501.51512718300637
402.33059464175545,-500.99670582410437
400.92940099509076,-500.4610953801934
399.53435265227387,-499.9095116231183
398.1450429131116,-499.3429573796677
396.76177476916763,-498.76247405991256
395.38393974618236,-498.16915670216076
394.0112632133605,-497.56361851758663
392.6438193495248,-496.9469671259694
391.2808934359511,-496.3194874459172
389.9229432529057,-495.681945279003
388.5697985530341,-495.03517800202167
387.2210626619504,-494.3792082729913
385.87680808201685,-493.7148172352843
384.53576209055814,-493.0417876026769
383.19931635847075,-492.3613004743299
381.86607948011,-491.6732036611592
380.53655609382,-490.9779440442786
379.21084884502045,-490.2761125266319
377.88835086857097,-489.56732851328235
376.5696198863475,-488.85241945159015
375.26108634373236,-488.1356875260235
373.95255894569004,-487.4076271248924
372.64902570088975,-486.6613922869932
371.3545022780836,-485.89884290777866
370.0689894186437,-485.1230094372328
368.79055103899805,-484.33525310819215
367.51875826785135,-483.5368967375551
366.25471944430103,-482.7304564591102
364.99488134725266,-481.9149482268025
363.7399013088938,-481.09194043476697
362.48959755360926,-480.2622043763187
361.24413323558286,-479.4266110542558
360.0035872101881,-478.5859444985833
358.76314369387575,-477.7377189642447
357.5262003750055,-476.88525658467086
356.29243233017735,-476.0291116678905
355.0612352722012,-475.1699792733787
353.8319776441524,-474.30848070762
352.6038459472745,-473.4452817925649
351.3772383302821,-472.5825624530854
350.15354287984843,-471.7241910284845
348.9165568498491,-470.863783133241
347.70245521314166,-470.0395184516509
346.47700424988955,-469.1445375725041
345.26206559532443,-468.25053317975113
344.0598110219498,-467.36115571926547
342.85708690189364,-466.4668160819385
341.6559961890403,-465.56874516490524
340.45605171481145,-464.66834476143094
339.2573315445678,-463.76662661478065
338.06158260920273,-462.8609038493749
336.86887718775625,-461.9509162182501
335.67864790949756,-461.0382612442663
334.48987223126346,-460.12418104242744
333.3017609261164,-459.2085923004614
332.11463173780965,-458.291833313113
330.92805042695954,-457.37388175911
329.7422320779952,-456.4553047562078
328.55690322614487,-455.53641372617153
327.36889106019805,-454.6149493124164
326.18029663559156,-453.6927161841367
325.000890242689,-452.7776166074294
323.8155032178387,-451.85829882854847
322.62996738970514,-450.9394290338271
321.44358714786017,-450.0211839927879
320.25650936717506,-449.1040076110617
319.06889248866736,-448.1881637352794
317.88016048478795,-447.2732751957729
316.69037579952004,-446.3596701561585
315.4994179512223,-445.4475547864491
314.3071588357738,-444.5372276727344
313.11337187373755,-443.6289451104468
311.9178619830147,-442.7229306833726
310.7206213913562,-441.8194145115974
309.5212300336532,-440.91805038701153
308.32050251717936,-440.01948264726485
307.1178515983901,-439.1232035934387
305.9135171912759,-438.2293605818965
304.7073593781963,-437.337737749934
303.49926627249926,-436.447953731114
302.2901317981812,-435.56035523617254
301.07984050920817,-434.6747580637419
299.86443177536114,-433.7881861492184
298.6484759266117,-432.90386654211216
297.44074371364405,-432.0278575748473
296.22567176949974,-431.14869343649536
295.009556628328,-430.27048527116693
293.7927063968688,-429.3935001250097
292.57518900407973,-428.51750091608096
291.35693509539897,-427.64205812137504
290.13874818149156,-426.76710748676817
288.9203040551017,-425.8920650830628
287.7022128901195,-425.0170877562745
286.48417957387903,-424.1417540113108
285.266095282526,-423.26562316718844
284.0487979752097,-422.3889780293243
282.8322709181586,-421.5114301707694
281.6165521816179,-420.63281120789804
280.40157650121597,-419.7531909244281
279.1871268190792,-418.87215394673603
277.9737996827738,-417.9905241408216
276.76096911808287,-417.1078702550879
275.54895021640584,-416.2248492695458
274.33702173284587,-415.34081678381943
273.1252131932497,-414.45625298719693
271.91388164601494,-413.57158626696247
270.702616641322,-412.6868697004864
269.49119000016066,-411.80203303045016
268.2797888263074,-410.9173418793295
267.0681412524549,-410.0328968074728
265.85636626015486,-409.1488169669744
264.64366912198636,-408.26453422952176
263.43009212093693,-407.38023134660745
262.2185663251183,-406.4983639666382
261.0056795449058,-405.6157554462511
259.792312114366,-404.73417793617836
258.5782635934824,-403.852988511103
257.3645526929108,-402.9724468882162
256.14991946808004,-402.0927564566229
254.93434727847423,-401.21317653173685
253.71877158510583,-400.3347181339869
252.50284446468217,-399.4566985899593
251.2864865423741,-398.57868330813324
250.069948866839,-397.701665149116
248.85248865587823,-396.8249075980402
247.6350906111669,-395.9484274288582
246.41717969741694,-395.073194378931
245.19926217845133,-394.19854353961773
243.98079427324535,-393.3238546517063
242.76184246926104,-392.4497625729099
241.54278990817903,-391.5767174248517
240.3232908786337,-390.70386987758167
239.10391037937703,-389.83109912368326
237.8841031891186,-388.95844606238
236.66315753730143,-388.08603628623064
235.4424293040538,-387.21386612123587
234.24701938987712,-386.35813306787793
233.67224216819744,-385.9491395376045
